{
    "description": "",
    "parentClass": "",
    "useTraits": "",
    "allowInherit": false,
    "allowVariants": false,
    "showVariants": false,
    "layoutDefinitions": {
        "fieldtype": "panel",
        "labelWidth": 100,
        "layout": null,
        "name": "pimcore_root",
        "type": null,
        "region": null,
        "title": null,
        "width": null,
        "height": null,
        "collapsible": false,
        "collapsed": null,
        "bodyStyle": null,
        "datatype": "layout",
        "permissions": null,
        "children": [
            {
                "fieldtype": "panel",
                "labelWidth": 100,
                "layout": null,
                "name": "Layout",
                "type": null,
                "region": null,
                "title": "",
                "width": null,
                "height": null,
                "collapsible": false,
                "collapsed": false,
                "bodyStyle": "",
                "datatype": "layout",
                "permissions": null,
                "children": [
                    {
                        "fieldtype": "fieldset",
                        "labelWidth": 180,
                        "name": "Layout",
                        "type": null,
                        "region": null,
                        "title": "Settings",
                        "width": null,
                        "height": null,
                        "collapsible": false,
                        "collapsed": false,
                        "bodyStyle": "",
                        "datatype": "layout",
                        "permissions": null,
                        "children": [
                            {
                                "fieldtype": "input",
                                "width": null,
                                "queryColumnType": "varchar",
                                "columnType": "varchar",
                                "columnLength": 255,
                                "phpdocType": "string",
                                "regex": "",
                                "name": "name",
                                "title": "Segment group name",
                                "tooltip": "",
                                "mandatory": true,
                                "noteditable": false,
                                "index": false,
                                "locked": false,
                                "style": "",
                                "permissions": null,
                                "datatype": "data",
                                "relationType": false,
                                "invisible": false,
                                "visibleGridView": false,
                                "visibleSearch": false
                            }
                        ],
                        "locked": false
                    },
                    {
                        "fieldtype": "fieldset",
                        "labelWidth": 180,
                        "name": "Layout",
                        "type": null,
                        "region": null,
                        "title": "System information",
                        "width": null,
                        "height": null,
                        "collapsible": false,
                        "collapsed": false,
                        "bodyStyle": "",
                        "datatype": "layout",
                        "permissions": null,
                        "children": [
                            {
                                "fieldtype": "input",
                                "width": null,
                                "queryColumnType": "varchar",
                                "columnType": "varchar",
                                "columnLength": 190,
                                "phpdocType": "string",
                                "regex": "",
                                "name": "reference",
                                "title": "Reference",
                                "tooltip": "",
                                "mandatory": false,
                                "noteditable": true,
                                "index": false,
                                "locked": false,
                                "style": "",
                                "permissions": null,
                                "datatype": "data",
                                "relationType": false,
                                "invisible": false,
                                "visibleGridView": false,
                                "visibleSearch": false
                            },
                            {
                                "fieldtype": "checkbox",
                                "defaultValue": 0,
                                "queryColumnType": "tinyint(1)",
                                "columnType": "tinyint(1)",
                                "phpdocType": "boolean",
                                "name": "calculated",
                                "title": "calculated",
                                "tooltip": "",
                                "mandatory": false,
                                "noteditable": true,
                                "index": false,
                                "locked": false,
                                "style": "",
                                "permissions": null,
                                "datatype": "data",
                                "relationType": false,
                                "invisible": false,
                                "visibleGridView": false,
                                "visibleSearch": false
                            }
                        ],
                        "locked": false
                    },
                    {
                        "fieldtype": "fieldset",
                        "labelWidth": 200,
                        "name": "Options",
                        "type": null,
                        "region": null,
                        "title": "Options",
                        "width": null,
                        "height": null,
                        "collapsible": false,
                        "collapsed": false,
                        "bodyStyle": "",
                        "datatype": "layout",
                        "permissions": null,
                        "children": [
                            {
                                "fieldtype": "checkbox",
                                "defaultValue": 0,
                                "queryColumnType": "tinyint(1)",
                                "columnType": "tinyint(1)",
                                "phpdocType": "boolean",
                                "name": "showAsFilter",
                                "title": "Show as Filter",
                                "tooltip": "Show segment group as filter on customer view",
                                "mandatory": false,
                                "noteditable": false,
                                "index": true,
                                "locked": false,
                                "style": "",
                                "permissions": null,
                                "datatype": "data",
                                "relationType": false,
                                "invisible": false,
                                "visibleGridView": false,
                                "visibleSearch": false
                            },
                            {
                                "fieldtype": "numeric",
                                "width": "",
                                "defaultValue": null,
                                "queryColumnType": "double",
                                "columnType": "double",
                                "phpdocType": "float",
                                "integer": true,
                                "unsigned": false,
                                "minValue": null,
                                "maxValue": null,
                                "unique": false,
                                "decimalSize": null,
                                "decimalPrecision": null,
                                "name": "filterSortOrder",
                                "title": "Filter sort order",
                                "tooltip": "Set sort order for field. Higher numbers for sort order will have higher priority.",
                                "mandatory": false,
                                "noteditable": false,
                                "index": false,
                                "locked": false,
                                "style": "",
                                "permissions": null,
                                "datatype": "data",
                                "relationType": false,
                                "invisible": false,
                                "visibleGridView": true,
                                "visibleSearch": true
                            },
                            {
                                "fieldtype": "checkbox",
                                "defaultValue": 0,
                                "queryColumnType": "tinyint(1)",
                                "columnType": "tinyint(1)",
                                "phpdocType": "boolean",
                                "name": "exportNewsletterProvider",
                                "title": "Export to newsletter provider",
                                "tooltip": "",
                                "mandatory": false,
                                "noteditable": false,
                                "index": false,
                                "locked": false,
                                "style": "",
                                "permissions": null,
                                "datatype": "data",
                                "relationType": false,
                                "invisible": false,
                                "visibleGridView": false,
                                "visibleSearch": false
                            }
                        ],
                        "locked": false
                    }
                ],
                "locked": false
            }
        ],
        "locked": false
    },
    "icon": "\/bundles\/pimcorecustomermanagementframework\/icons\/segment-group.svg",
    "group": "CustomerManagement",
    "propertyVisibility": {
        "grid": {
            "id": true,
            "path": true,
            "published": true,
            "modificationDate": true,
            "creationDate": true
        },
        "search": {
            "id": true,
            "path": true,
            "published": true,
            "modificationDate": true,
            "creationDate": true
        }
    }
}
