{
  "key": null,
  "parentClass": "",
  "implementsInterfaces": "",
  "title": "",
  "group": "Filter Definition",
  "layoutDefinitions": {
    "fieldtype": "panel",
    "layout": null,
    "border": false,
    "name": null,
    "type": null,
    "region": null,
    "title": null,
    "width": 0,
    "height": 0,
    "collapsible": false,
    "collapsed": false,
    "bodyStyle": null,
    "datatype": "layout",
    "permissions": null,
    "children": [
      {
        "fieldtype": "panel",
        "layout": "",
        "border": false,
        "name": "Layout",
        "type": "",
        "region": "",
        "title": "",
        "width": "",
        "height": "",
        "collapsible": false,
        "collapsed": false,
        "bodyStyle": "",
        "datatype": "layout",
        "permissions": null,
        "children": [
          {
            "fieldtype": "indexFieldSelectionCombo",
            "specificPriceField": false,
            "showAllFields": true,
            "considerTenants": true,
            "options": [
              {
                "key": "categoryIds",
                "value": "categoryIds"
              },
              {
                "key": "name",
                "value": "name"
              },
              {
                "key": "seoname",
                "value": "seoname"
              },
              {
                "key": "description",
                "value": "description"
              },
              {
                "key": "ean",
                "value": "ean"
              },
              {
                "key": "artno",
                "value": "artno"
              },
              {
                "key": "gender",
                "value": "gender"
              },
              {
                "key": "color",
                "value": "color"
              },
              {
                "key": "size",
                "value": "size"
              },
              {
                "key": "price",
                "value": "price"
              },
              {
                "key": "foottype",
                "value": "foottype"
              },
              {
                "key": "gaittype",
                "value": "gaittype"
              },
              {
                "key": "fittings",
                "value": "fittings"
              },
              {
                "key": "zips",
                "value": "zips"
              },
              {
                "key": "approvals",
                "value": "approvals"
              },
              {
                "key": "rating",
                "value": "rating"
              },
              {
                "key": "features",
                "value": "features"
              },
              {
                "key": "attributes",
                "value": "attributes"
              },
              {
                "key": "technologies",
                "value": "technologies"
              }
            ],
            "width": 300,
            "defaultValue": null,
            "optionsProviderClass": null,
            "optionsProviderData": null,
            "queryColumnType": "varchar(255)",
            "columnType": "varchar(255)",
            "columnLength": 190,
            "dynamicOptions": false,
            "name": "field",
            "title": "Field",
            "tooltip": "",
            "mandatory": false,
            "noteditable": false,
            "index": false,
            "locked": false,
            "style": "",
            "permissions": null,
            "datatype": "data",
            "relationType": false,
            "invisible": false,
            "visibleGridView": false,
            "visibleSearch": false,
            "defaultValueGenerator": ""
          },
          {
            "fieldtype": "numeric",
            "width": 300,
            "defaultValue": 1,
            "queryColumnType": "double",
            "columnType": "double",
            "integer": false,
            "unsigned": false,
            "minValue": null,
            "maxValue": null,
            "unique": false,
            "decimalSize": null,
            "decimalPrecision": null,
            "name": "weight",
            "title": "Weight",
            "tooltip": "",
            "mandatory": false,
            "noteditable": false,
            "index": false,
            "locked": false,
            "style": "",
            "permissions": null,
            "datatype": "data",
            "relationType": false,
            "invisible": false,
            "visibleGridView": false,
            "visibleSearch": false,
            "defaultValueGenerator": ""
          }
        ],
        "locked": false,
        "icon": null,
        "labelWidth": 100,
        "labelAlign": "left"
      }
    ],
    "locked": false,
    "icon": null,
    "labelWidth": 100,
    "labelAlign": "left"
  }
}
