{
  "key": null,
  "parentClass": "\\Pimcore\\Bundle\\EcommerceFrameworkBundle\\Model\\AbstractFilterDefinitionType",
  "implementsInterfaces": "",
  "title": "",
  "group": "FilterTypes",
  "layoutDefinitions": {
    "fieldtype": "panel",
    "layout": null,
    "border": false,
    "name": null,
    "type": null,
    "region": null,
    "title": null,
    "width": 0,
    "height": 0,
    "collapsible": false,
    "collapsed": false,
    "bodyStyle": null,
    "datatype": "layout",
    "permissions": null,
    "children": [
      {
        "fieldtype": "panel",
        "layout": "",
        "border": false,
        "name": "Layout",
        "type": "",
        "region": "",
        "title": "NumberRange Select",
        "width": null,
        "height": null,
        "collapsible": true,
        "collapsed": false,
        "bodyStyle": "",
        "datatype": "layout",
        "permissions": null,
        "children": [
          {
            "fieldtype": "text",
            "html": "<b>Filter Numberrange Selection<\/b><div><div>Filter for number ranges with predefined ranges.&nbsp;<\/div><div>- ranges: predefined ranges.&nbsp;<\/div><\/div><div>- unit: free textfield with is displayed in frontend if so implemented by view script.&nbsp;<\/div>",
            "renderingClass": null,
            "renderingData": null,
            "border": false,
            "name": "Layout",
            "type": null,
            "region": null,
            "title": "",
            "width": null,
            "height": null,
            "collapsible": false,
            "collapsed": false,
            "bodyStyle": "padding: 10px; background-color: #d9edf7; border-color: #bce8f1 !important; color: #31708f;",
            "datatype": "layout",
            "permissions": null,
            "children": [],
            "locked": false
          },
          {
            "fieldtype": "input",
            "width": 400,
            "defaultValue": null,
            "queryColumnType": "varchar",
            "columnType": "varchar",
            "columnLength": 255,
            "regex": "",
            "unique": false,
            "showCharCount": false,
            "name": "label",
            "title": "Label",
            "tooltip": "",
            "mandatory": false,
            "noteditable": false,
            "index": false,
            "locked": false,
            "style": "",
            "permissions": null,
            "datatype": "data",
            "relationType": false,
            "invisible": false,
            "visibleGridView": false,
            "visibleSearch": false,
            "defaultValueGenerator": ""
          },
          {
            "fieldtype": "indexFieldSelection",
            "queryColumnType": {
              "tenant": "varchar(100)",
              "field": "varchar(200)",
              "preSelect": "text"
            },
            "columnType": {
              "tenant": "varchar(100)",
              "field": "varchar(200)",
              "preSelect": "text"
            },
            "width": 400,
            "considerTenants": true,
            "multiPreSelect": "none",
            "filterGroups": [
              "double"
            ],
            "predefinedPreSelectOptions": [],
            "name": "field",
            "title": "Field",
            "tooltip": "",
            "mandatory": false,
            "noteditable": false,
            "index": false,
            "locked": false,
            "style": "",
            "permissions": null,
            "datatype": "data",
            "relationType": false,
            "invisible": false,
            "visibleGridView": false,
            "visibleSearch": false
          },
          {
            "fieldtype": "structuredTable",
            "width": 650,
            "height": 200,
            "labelWidth": null,
            "labelFirstCell": "",
            "cols": [
              {
                "position": "1",
                "key": "from",
                "label": "from",
                "type": "number",
                "width": 300,
                "id": "extModel3155-1",
                "length": null
              },
              {
                "position": 2,
                "key": "to",
                "label": "to",
                "type": "number",
                "width": 300,
                "id": "extModel3155-2"
              }
            ],
            "rows": [
              {
                "position": "1",
                "key": "range1",
                "label": "1",
                "id": "extModel3131-1"
              },
              {
                "position": "2",
                "key": "range2",
                "label": "2",
                "id": "extModel3131-2"
              },
              {
                "position": "3",
                "key": "range3",
                "label": "3",
                "id": "extModel3131-3"
              },
              {
                "position": "4",
                "key": "range4",
                "label": "4",
                "id": "extModel3131-4"
              }
            ],
            "name": "ranges",
            "title": "Ranges",
            "tooltip": "",
            "mandatory": false,
            "noteditable": false,
            "index": false,
            "locked": false,
            "style": "",
            "permissions": null,
            "datatype": "data",
            "relationType": false,
            "invisible": false,
            "visibleGridView": false,
            "visibleSearch": false
          },
          {
            "fieldtype": "numeric",
            "width": 400,
            "defaultValue": null,
            "queryColumnType": "double",
            "columnType": "double",
            "integer": false,
            "unsigned": false,
            "minValue": null,
            "maxValue": null,
            "unique": false,
            "decimalSize": null,
            "decimalPrecision": null,
            "name": "preSelectFrom",
            "title": "Pre Select From",
            "tooltip": "",
            "mandatory": false,
            "noteditable": false,
            "index": false,
            "locked": false,
            "style": "",
            "permissions": null,
            "datatype": "data",
            "relationType": false,
            "invisible": false,
            "visibleGridView": false,
            "visibleSearch": false,
            "defaultValueGenerator": ""
          },
          {
            "fieldtype": "numeric",
            "width": 400,
            "defaultValue": null,
            "queryColumnType": "double",
            "columnType": "double",
            "integer": false,
            "unsigned": false,
            "minValue": null,
            "maxValue": null,
            "unique": false,
            "decimalSize": null,
            "decimalPrecision": null,
            "name": "preSelectTo",
            "title": "Pre Select To",
            "tooltip": "",
            "mandatory": false,
            "noteditable": false,
            "index": false,
            "locked": false,
            "style": "",
            "permissions": null,
            "datatype": "data",
            "relationType": false,
            "invisible": false,
            "visibleGridView": false,
            "visibleSearch": false,
            "defaultValueGenerator": ""
          },
          {
            "fieldtype": "input",
            "width": 400,
            "defaultValue": null,
            "queryColumnType": "varchar",
            "columnType": "varchar",
            "columnLength": 255,
            "regex": "",
            "unique": false,
            "showCharCount": false,
            "name": "scriptPath",
            "title": "Script Path",
            "tooltip": "",
            "mandatory": false,
            "noteditable": false,
            "index": false,
            "locked": false,
            "style": "",
            "permissions": null,
            "datatype": "data",
            "relationType": false,
            "invisible": false,
            "visibleGridView": false,
            "visibleSearch": false,
            "defaultValueGenerator": ""
          },
          {
            "fieldtype": "input",
            "width": 400,
            "defaultValue": null,
            "queryColumnType": "varchar",
            "columnType": "varchar",
            "columnLength": 255,
            "regex": "",
            "unique": false,
            "showCharCount": false,
            "name": "unit",
            "title": "Unit",
            "tooltip": "",
            "mandatory": false,
            "noteditable": false,
            "index": false,
            "locked": false,
            "style": "",
            "permissions": null,
            "datatype": "data",
            "relationType": false,
            "invisible": false,
            "visibleGridView": false,
            "visibleSearch": false,
            "defaultValueGenerator": ""
          }
        ],
        "locked": false,
        "icon": "",
        "labelWidth": 100,
        "labelAlign": "left"
      }
    ],
    "locked": false,
    "icon": null,
    "labelWidth": 100,
    "labelAlign": "left"
  }
}
