{
  "key": null,
  "parentClass": "\\Pimcore\\Bundle\\EcommerceFrameworkBundle\\Model\\AbstractVoucherTokenType",
  "implementsInterfaces": null,
  "title": "",
  "group": "Voucher",
  "layoutDefinitions": {
    "fieldtype": "panel",
    "layout": null,
    "border": false,
    "name": null,
    "type": null,
    "region": null,
    "title": null,
    "width": null,
    "height": null,
    "collapsible": false,
    "collapsed": false,
    "bodyStyle": null,
    "datatype": "layout",
    "permissions": null,
    "children": [
      {
        "fieldtype": "panel",
        "layout": "",
        "border": false,
        "name": "Layout",
        "type": null,
        "region": "",
        "title": "Pattern",
        "width": "",
        "height": "",
        "collapsible": false,
        "collapsed": false,
        "bodyStyle": "",
        "datatype": "layout",
        "permissions": null,
        "children": [
          {
            "fieldtype": "text",
            "html": "Generate tokens based on a pattern with specific settings.&nbsp;",
            "renderingClass": null,
            "renderingData": null,
            "border": false,
            "name": "Layout",
            "type": null,
            "region": null,
            "title": "",
            "width": null,
            "height": null,
            "collapsible": false,
            "collapsed": false,
            "bodyStyle": "padding: 10px; background-color: #d9edf7; border-color: #bce8f1 !important; color: #31708f;",
            "datatype": "layout",
            "permissions": null,
            "children": [],
            "locked": false
          },
          {
            "fieldtype": "fieldset",
            "name": "general settings",
            "type": null,
            "region": "",
            "title": "General Settings",
            "width": null,
            "height": null,
            "collapsible": false,
            "collapsed": false,
            "bodyStyle": "150",
            "datatype": "layout",
            "permissions": null,
            "children": [
              {
                "fieldtype": "numeric",
                "width": 400,
                "defaultValue": null,
                "queryColumnType": "double",
                "columnType": "double",
                "integer": true,
                "unsigned": true,
                "minValue": 1,
                "maxValue": null,
                "unique": false,
                "decimalSize": null,
                "decimalPrecision": null,
                "name": "count",
                "title": "Token Count",
                "tooltip": "",
                "mandatory": false,
                "noteditable": false,
                "index": false,
                "locked": false,
                "style": "",
                "permissions": null,
                "datatype": "data",
                "relationType": false,
                "invisible": false,
                "visibleGridView": false,
                "visibleSearch": false,
                "defaultValueGenerator": ""
              },
              {
                "fieldtype": "input",
                "width": 400,
                "defaultValue": null,
                "queryColumnType": "varchar",
                "columnType": "varchar",
                "columnLength": 255,
                "regex": "",
                "unique": false,
                "showCharCount": false,
                "name": "prefix",
                "title": "Prefix",
                "tooltip": "",
                "mandatory": false,
                "noteditable": false,
                "index": false,
                "locked": false,
                "style": "",
                "permissions": null,
                "datatype": "data",
                "relationType": false,
                "invisible": false,
                "visibleGridView": false,
                "visibleSearch": false,
                "defaultValueGenerator": ""
              },
              {
                "fieldtype": "numeric",
                "width": 400,
                "defaultValue": null,
                "queryColumnType": "double",
                "columnType": "double",
                "integer": true,
                "unsigned": true,
                "minValue": 1,
                "maxValue": null,
                "unique": false,
                "decimalSize": null,
                "decimalPrecision": null,
                "name": "length",
                "title": "Length",
                "tooltip": "",
                "mandatory": false,
                "noteditable": false,
                "index": false,
                "locked": false,
                "style": "",
                "permissions": null,
                "datatype": "data",
                "relationType": false,
                "invisible": false,
                "visibleGridView": false,
                "visibleSearch": false,
                "defaultValueGenerator": ""
              },
              {
                "fieldtype": "select",
                "options": [
                  {
                    "key": "Alpha",
                    "value": "alpha"
                  },
                  {
                    "key": "Numeric",
                    "value": "numeric"
                  },
                  {
                    "key": "Alpha-Numeric",
                    "value": "alphaNumeric"
                  }
                ],
                "width": 400,
                "defaultValue": "",
                "optionsProviderClass": null,
                "optionsProviderData": null,
                "queryColumnType": "varchar(255)",
                "columnType": "varchar(255)",
                "columnLength": 190,
                "dynamicOptions": false,
                "name": "characterType",
                "title": "Character Type",
                "tooltip": "",
                "mandatory": true,
                "noteditable": false,
                "index": false,
                "locked": false,
                "style": "",
                "permissions": null,
                "datatype": "data",
                "relationType": false,
                "invisible": false,
                "visibleGridView": false,
                "visibleSearch": false,
                "defaultValueGenerator": ""
              }
            ],
            "locked": false,
            "labelWidth": 100,
            "labelAlign": "left"
          },
          {
            "fieldtype": "fieldset",
            "name": "additionals",
            "type": null,
            "region": "",
            "title": "Additional Settings",
            "width": "",
            "height": "",
            "collapsible": false,
            "collapsed": false,
            "bodyStyle": "",
            "datatype": "layout",
            "permissions": null,
            "children": [
              {
                "fieldtype": "input",
                "width": 400,
                "defaultValue": null,
                "queryColumnType": "varchar",
                "columnType": "varchar",
                "columnLength": 255,
                "regex": "^[\\-|\\.|\\#|\\,|\\\/|\\+\\_]{1}$",
                "unique": false,
                "showCharCount": false,
                "name": "separator",
                "title": "Separator",
                "tooltip": "",
                "mandatory": false,
                "noteditable": false,
                "index": false,
                "locked": false,
                "style": "",
                "permissions": null,
                "datatype": "data",
                "relationType": false,
                "invisible": false,
                "visibleGridView": false,
                "visibleSearch": false,
                "defaultValueGenerator": ""
              },
              {
                "fieldtype": "numeric",
                "width": 400,
                "defaultValue": 4,
                "queryColumnType": "double",
                "columnType": "double",
                "integer": true,
                "unsigned": true,
                "minValue": 1,
                "maxValue": null,
                "unique": false,
                "decimalSize": null,
                "decimalPrecision": null,
                "name": "separatorCount",
                "title": "Every x character",
                "tooltip": "",
                "mandatory": false,
                "noteditable": false,
                "index": false,
                "locked": false,
                "style": "",
                "permissions": null,
                "datatype": "data",
                "relationType": false,
                "invisible": false,
                "visibleGridView": false,
                "visibleSearch": false,
                "defaultValueGenerator": ""
              },
              {
                "fieldtype": "checkbox",
                "defaultValue": 0,
                "queryColumnType": "tinyint(1)",
                "columnType": "tinyint(1)",
                "name": "allowOncePerCart",
                "title": "Only allow one token of this type per cart",
                "tooltip": "",
                "mandatory": false,
                "noteditable": false,
                "index": false,
                "locked": false,
                "style": "",
                "permissions": null,
                "datatype": "data",
                "relationType": false,
                "invisible": false,
                "visibleGridView": false,
                "visibleSearch": false,
                "defaultValueGenerator": ""
              },
              {
                "fieldtype": "checkbox",
                "defaultValue": 0,
                "queryColumnType": "tinyint(1)",
                "columnType": "tinyint(1)",
                "name": "onlyTokenPerCart",
                "title": "Only token of a cart",
                "tooltip": "",
                "mandatory": false,
                "noteditable": false,
                "index": false,
                "locked": false,
                "style": "",
                "permissions": null,
                "datatype": "data",
                "relationType": false,
                "invisible": false,
                "visibleGridView": false,
                "visibleSearch": false,
                "defaultValueGenerator": ""
              }
            ],
            "locked": false,
            "labelWidth": 100,
            "labelAlign": "left"
          }
        ],
        "locked": false,
        "icon": null,
        "labelWidth": 100,
        "labelAlign": "left"
      }
    ],
    "locked": false,
    "icon": null,
    "labelWidth": 100,
    "labelAlign": "left"
  }
}
