{
  "key": null,
  "parentClass": "",
  "implementsInterfaces": "",
  "title": "",
  "group": "Order Details",
  "layoutDefinitions": {
    "fieldtype": "panel",
    "layout": null,
    "border": false,
    "name": null,
    "type": null,
    "region": null,
    "title": null,
    "width": 0,
    "height": 0,
    "collapsible": false,
    "collapsed": false,
    "bodyStyle": null,
    "datatype": "layout",
    "permissions": null,
    "children": [
      {
        "fieldtype": "panel",
        "layout": null,
        "border": false,
        "name": "Layout",
        "type": null,
        "region": null,
        "title": null,
        "width": null,
        "height": null,
        "collapsible": false,
        "collapsed": false,
        "bodyStyle": null,
        "datatype": "layout",
        "permissions": null,
        "children": [
          {
            "fieldtype": "numeric",
            "width": 100,
            "defaultValue": null,
            "queryColumnType": "double",
            "columnType": "double",
            "integer": false,
            "unsigned": false,
            "minValue": null,
            "maxValue": null,
            "unique": false,
            "decimalSize": null,
            "decimalPrecision": null,
            "name": "ruleId",
            "title": "Rule Id",
            "tooltip": "",
            "mandatory": false,
            "noteditable": false,
            "index": false,
            "locked": false,
            "style": "",
            "permissions": null,
            "datatype": "data",
            "relationType": false,
            "invisible": false,
            "visibleGridView": false,
            "visibleSearch": false,
            "defaultValueGenerator": ""
          },
          {
            "fieldtype": "localizedfields",
            "children": [
              {
                "fieldtype": "input",
                "width": 300,
                "defaultValue": null,
                "queryColumnType": "varchar",
                "columnType": "varchar",
                "columnLength": 255,
                "regex": "",
                "unique": false,
                "showCharCount": false,
                "name": "name",
                "title": "Name",
                "tooltip": "",
                "mandatory": false,
                "noteditable": false,
                "index": false,
                "locked": false,
                "style": "",
                "permissions": null,
                "datatype": "data",
                "relationType": false,
                "invisible": false,
                "visibleGridView": false,
                "visibleSearch": false,
                "defaultValueGenerator": ""
              }
            ],
            "name": "localizedfields",
            "region": null,
            "layout": null,
            "title": "",
            "width": "",
            "height": "",
            "maxTabs": null,
            "border": false,
            "provideSplitView": null,
            "tabPosition": "top",
            "hideLabelsWhenTabsReached": null,
            "fieldDefinitionsCache": null,
            "permissionView": [],
            "permissionEdit": [],
            "tooltip": "",
            "mandatory": false,
            "noteditable": false,
            "index": false,
            "locked": false,
            "style": "",
            "permissions": null,
            "datatype": "data",
            "relationType": false,
            "invisible": false,
            "visibleGridView": true,
            "visibleSearch": true,
            "labelWidth": null,
            "labelAlign": "left"
          }
        ],
        "locked": false,
        "icon": null,
        "labelWidth": 100,
        "labelAlign": "left"
      }
    ],
    "locked": false,
    "icon": null,
    "labelWidth": 100,
    "labelAlign": "left"
  }
}
