{
    "description": "",
    "parentClass": "\\Pimcore\\Bundle\\EcommerceFrameworkBundle\\OfferTool\\AbstractOffer",
    "implementsInterfaces": "",
    "listingParentClass": "",
    "useTraits": "",
    "listingUseTraits": "",
    "allowInherit": false,
    "allowVariants": false,
    "showVariants": false,
    "layoutDefinitions": {
        "fieldtype": "panel",
        "layout": null,
        "border": false,
        "name": "pimcore_root",
        "type": null,
        "region": null,
        "title": null,
        "width": 0,
        "height": 0,
        "collapsible": false,
        "collapsed": false,
        "bodyStyle": null,
        "datatype": "layout",
        "permissions": null,
        "children": [
            {
                "fieldtype": "tabpanel",
                "border": false,
                "tabPosition": "top",
                "name": "Layout",
                "type": null,
                "region": null,
                "title": null,
                "width": null,
                "height": null,
                "collapsible": false,
                "collapsed": false,
                "bodyStyle": null,
                "datatype": "layout",
                "permissions": null,
                "children": [
                    {
                        "fieldtype": "panel",
                        "layout": "",
                        "border": false,
                        "name": "General",
                        "type": "",
                        "region": "center",
                        "title": "General",
                        "width": null,
                        "height": null,
                        "collapsible": false,
                        "collapsed": false,
                        "bodyStyle": "",
                        "datatype": "layout",
                        "permissions": null,
                        "children": [
                            {
                                "fieldtype": "text",
                                "html": "<b>OfferToolOffer <\/b>as storage for created offers in the frontend.&nbsp;May be extended for specific use case.&nbsp;",
                                "renderingClass": null,
                                "renderingData": null,
                                "border": false,
                                "name": "Layout",
                                "type": null,
                                "region": null,
                                "title": "",
                                "width": null,
                                "height": null,
                                "collapsible": false,
                                "collapsed": false,
                                "bodyStyle": "padding: 10px; background-color: #d9edf7; border-color: #bce8f1 !important; color: #31708f;",
                                "datatype": "layout",
                                "permissions": null,
                                "children": [],
                                "locked": false
                            },
                            {
                                "fieldtype": "fieldset",
                                "name": "Basic",
                                "type": null,
                                "region": null,
                                "title": "Basic",
                                "width": null,
                                "height": null,
                                "collapsible": false,
                                "collapsed": false,
                                "bodyStyle": "",
                                "datatype": "layout",
                                "permissions": null,
                                "children": [
                                    {
                                        "fieldtype": "input",
                                        "width": 400,
                                        "defaultValue": null,
                                        "queryColumnType": "varchar",
                                        "columnType": "varchar",
                                        "columnLength": 255,
                                        "regex": "",
                                        "unique": false,
                                        "showCharCount": false,
                                        "name": "offernumber",
                                        "title": "Offernumber",
                                        "tooltip": "",
                                        "mandatory": false,
                                        "noteditable": false,
                                        "index": false,
                                        "locked": false,
                                        "style": "",
                                        "permissions": null,
                                        "datatype": "data",
                                        "relationType": false,
                                        "invisible": false,
                                        "visibleGridView": false,
                                        "visibleSearch": false,
                                        "defaultValueGenerator": ""
                                    },
                                    {
                                        "fieldtype": "datetime",
                                        "queryColumnType": "bigint(20)",
                                        "columnType": "bigint(20)",
                                        "defaultValue": null,
                                        "useCurrentDate": false,
                                        "name": "dateCreated",
                                        "title": "CreationDate",
                                        "tooltip": "",
                                        "mandatory": false,
                                        "noteditable": false,
                                        "index": false,
                                        "locked": false,
                                        "style": "",
                                        "permissions": null,
                                        "datatype": "data",
                                        "relationType": false,
                                        "invisible": false,
                                        "visibleGridView": false,
                                        "visibleSearch": false,
                                        "defaultValueGenerator": ""
                                    },
                                    {
                                        "fieldtype": "date",
                                        "queryColumnType": "bigint(20)",
                                        "columnType": "bigint(20)",
                                        "defaultValue": null,
                                        "useCurrentDate": false,
                                        "name": "dateValidUntil",
                                        "title": "Valid Until",
                                        "tooltip": "",
                                        "mandatory": false,
                                        "noteditable": false,
                                        "index": false,
                                        "locked": false,
                                        "style": "",
                                        "permissions": null,
                                        "datatype": "data",
                                        "relationType": false,
                                        "invisible": false,
                                        "visibleGridView": false,
                                        "visibleSearch": false,
                                        "defaultValueGenerator": ""
                                    }
                                ],
                                "locked": false,
                                "labelWidth": 150,
                                "labelAlign": "left"
                            },
                            {
                                "fieldtype": "fieldset",
                                "name": "Price Informations",
                                "type": null,
                                "region": null,
                                "title": "Price Informations",
                                "width": null,
                                "height": null,
                                "collapsible": false,
                                "collapsed": false,
                                "bodyStyle": "",
                                "datatype": "layout",
                                "permissions": null,
                                "children": [
                                    {
                                        "fieldtype": "numeric",
                                        "width": 400,
                                        "defaultValue": null,
                                        "queryColumnType": "double",
                                        "columnType": "double",
                                        "integer": false,
                                        "unsigned": false,
                                        "minValue": null,
                                        "maxValue": null,
                                        "unique": false,
                                        "decimalSize": 19,
                                        "decimalPrecision": 4,
                                        "name": "totalPriceBeforeDiscount",
                                        "title": "Total Price Before Discount",
                                        "tooltip": "",
                                        "mandatory": false,
                                        "noteditable": false,
                                        "index": false,
                                        "locked": false,
                                        "style": "",
                                        "permissions": null,
                                        "datatype": "data",
                                        "relationType": false,
                                        "invisible": false,
                                        "visibleGridView": false,
                                        "visibleSearch": false,
                                        "defaultValueGenerator": ""
                                    },
                                    {
                                        "fieldtype": "numeric",
                                        "width": 400,
                                        "defaultValue": null,
                                        "queryColumnType": "double",
                                        "columnType": "double",
                                        "integer": false,
                                        "unsigned": false,
                                        "minValue": null,
                                        "maxValue": null,
                                        "unique": false,
                                        "decimalSize": 19,
                                        "decimalPrecision": 4,
                                        "name": "totalPrice",
                                        "title": "TotalPrice",
                                        "tooltip": "",
                                        "mandatory": false,
                                        "noteditable": false,
                                        "index": false,
                                        "locked": false,
                                        "style": "",
                                        "permissions": null,
                                        "datatype": "data",
                                        "relationType": false,
                                        "invisible": false,
                                        "visibleGridView": false,
                                        "visibleSearch": false,
                                        "defaultValueGenerator": ""
                                    },
                                    {
                                        "fieldtype": "select",
                                        "options": [
                                            {
                                                "key": "Percent",
                                                "value": "percent"
                                            },
                                            {
                                                "key": "Amount",
                                                "value": "amount"
                                            }
                                        ],
                                        "width": 400,
                                        "defaultValue": "",
                                        "optionsProviderClass": null,
                                        "optionsProviderData": null,
                                        "queryColumnType": "varchar",
                                        "columnType": "varchar",
                                        "columnLength": 190,
                                        "dynamicOptions": false,
                                        "name": "discountType",
                                        "title": "Discount Type",
                                        "tooltip": "",
                                        "mandatory": false,
                                        "noteditable": false,
                                        "index": false,
                                        "locked": false,
                                        "style": "",
                                        "permissions": null,
                                        "datatype": "data",
                                        "relationType": false,
                                        "invisible": false,
                                        "visibleGridView": false,
                                        "visibleSearch": false,
                                        "defaultValueGenerator": ""
                                    },
                                    {
                                        "fieldtype": "numeric",
                                        "width": 400,
                                        "defaultValue": null,
                                        "queryColumnType": "double",
                                        "columnType": "double",
                                        "integer": false,
                                        "unsigned": false,
                                        "minValue": null,
                                        "maxValue": null,
                                        "unique": false,
                                        "decimalSize": 19,
                                        "decimalPrecision": 4,
                                        "name": "discount",
                                        "title": "Discount",
                                        "tooltip": "",
                                        "mandatory": false,
                                        "noteditable": false,
                                        "index": false,
                                        "locked": false,
                                        "style": "",
                                        "permissions": null,
                                        "datatype": "data",
                                        "relationType": false,
                                        "invisible": false,
                                        "visibleGridView": false,
                                        "visibleSearch": false,
                                        "defaultValueGenerator": ""
                                    }
                                ],
                                "locked": false,
                                "labelWidth": 150,
                                "labelAlign": "left"
                            },
                            {
                                "fieldtype": "fieldset",
                                "name": "System Informations",
                                "type": null,
                                "region": null,
                                "title": "System Informations",
                                "width": null,
                                "height": null,
                                "collapsible": true,
                                "collapsed": true,
                                "bodyStyle": "",
                                "datatype": "layout",
                                "permissions": null,
                                "children": [
                                    {
                                        "fieldtype": "input",
                                        "width": "",
                                        "defaultValue": null,
                                        "queryColumnType": "varchar",
                                        "columnType": "varchar",
                                        "columnLength": 255,
                                        "regex": "",
                                        "unique": false,
                                        "showCharCount": false,
                                        "name": "cartId",
                                        "title": "Cart Id",
                                        "tooltip": "",
                                        "mandatory": false,
                                        "noteditable": false,
                                        "index": false,
                                        "locked": false,
                                        "style": "",
                                        "permissions": null,
                                        "datatype": "data",
                                        "relationType": false,
                                        "invisible": false,
                                        "visibleGridView": false,
                                        "visibleSearch": false,
                                        "defaultValueGenerator": ""
                                    }
                                ],
                                "locked": false,
                                "labelWidth": 150,
                                "labelAlign": "left"
                            }
                        ],
                        "locked": false,
                        "icon": null,
                        "labelWidth": 100,
                        "labelAlign": "left"
                    },
                    {
                        "fieldtype": "panel",
                        "layout": null,
                        "border": false,
                        "name": "Items",
                        "type": null,
                        "region": null,
                        "title": "Items",
                        "width": null,
                        "height": null,
                        "collapsible": false,
                        "collapsed": false,
                        "bodyStyle": "",
                        "datatype": "layout",
                        "permissions": null,
                        "children": [
                            {
                                "fieldtype": "manyToManyObjectRelation",
                                "width": "",
                                "height": "",
                                "maxItems": null,
                                "queryColumnType": "text",
                                "relationType": true,
                                "visibleFields": null,
                                "allowToCreateNewObject": true,
                                "optimizedAdminLoading": false,
                                "visibleFieldDefinitions": [],
                                "classes": [
                                    {
                                        "classes": "OfferToolOfferItem"
                                    }
                                ],
                                "pathFormatterClass": null,
                                "name": "items",
                                "title": "Items",
                                "tooltip": "",
                                "mandatory": false,
                                "noteditable": false,
                                "index": false,
                                "locked": false,
                                "style": "",
                                "permissions": null,
                                "datatype": "data",
                                "invisible": false,
                                "visibleGridView": false,
                                "visibleSearch": false
                            },
                            {
                                "fieldtype": "manyToManyObjectRelation",
                                "width": "",
                                "height": "",
                                "maxItems": null,
                                "queryColumnType": "text",
                                "relationType": true,
                                "visibleFields": null,
                                "allowToCreateNewObject": true,
                                "optimizedAdminLoading": false,
                                "visibleFieldDefinitions": [],
                                "classes": [
                                    {
                                        "classes": "OfferToolOfferItem"
                                    }
                                ],
                                "pathFormatterClass": null,
                                "name": "customItems",
                                "title": "Custom Items",
                                "tooltip": "",
                                "mandatory": false,
                                "noteditable": false,
                                "index": false,
                                "locked": false,
                                "style": "",
                                "permissions": null,
                                "datatype": "data",
                                "invisible": false,
                                "visibleGridView": false,
                                "visibleSearch": false
                            }
                        ],
                        "locked": false,
                        "icon": null,
                        "labelWidth": 100,
                        "labelAlign": "left"
                    }
                ],
                "locked": false
            }
        ],
        "locked": false,
        "icon": null,
        "labelWidth": 100,
        "labelAlign": "left"
    },
    "icon": "",
    "group": "E-Commerce",
    "showAppLoggerTab": false,
    "linkGeneratorReference": "",
    "compositeIndices": [],
    "showFieldLookup": false,
    "propertyVisibility": {
        "grid": {
            "id": true,
            "key": false,
            "path": true,
            "published": true,
            "modificationDate": true,
            "creationDate": true
        },
        "search": {
            "id": true,
            "key": false,
            "path": true,
            "published": true,
            "modificationDate": true,
            "creationDate": true
        }
    },
    "enableGridLocking": false
}
