{
    "description": "",
    "parentClass": "\\Pimcore\\Bundle\\EcommerceFrameworkBundle\\Model\\AbstractOrderItem",
    "implementsInterfaces": "",
    "listingParentClass": "",
    "useTraits": "",
    "listingUseTraits": "",
    "allowInherit": false,
    "allowVariants": false,
    "showVariants": false,
    "layoutDefinitions": {
        "fieldtype": "panel",
        "layout": null,
        "border": false,
        "name": "pimcore_root",
        "type": null,
        "region": null,
        "title": null,
        "width": 0,
        "height": 0,
        "collapsible": false,
        "collapsed": false,
        "bodyStyle": null,
        "datatype": "layout",
        "permissions": null,
        "children": [
            {
                "fieldtype": "tabpanel",
                "border": false,
                "tabPosition": "top",
                "name": "Layout",
                "type": null,
                "region": null,
                "title": "",
                "width": null,
                "height": null,
                "collapsible": false,
                "collapsed": false,
                "bodyStyle": "",
                "datatype": "layout",
                "permissions": null,
                "children": [
                    {
                        "fieldtype": "panel",
                        "layout": "",
                        "border": false,
                        "name": "general",
                        "type": null,
                        "region": null,
                        "title": "General Information",
                        "width": null,
                        "height": null,
                        "collapsible": false,
                        "collapsed": false,
                        "bodyStyle": "",
                        "datatype": "layout",
                        "permissions": null,
                        "children": [
                            {
                                "fieldtype": "text",
                                "html": "<b>OnlineShopOrderItem <\/b>for storage of order items.&nbsp;<div>\u200bMay be extended for specific use case.&nbsp;<br><\/div>",
                                "renderingClass": "",
                                "renderingData": "",
                                "border": false,
                                "name": "Layout",
                                "type": null,
                                "region": null,
                                "title": "",
                                "width": null,
                                "height": null,
                                "collapsible": false,
                                "collapsed": false,
                                "bodyStyle": "padding: 10px; background-color: #d9edf7; border-color: #bce8f1 !important; color: #31708f;",
                                "datatype": "layout",
                                "permissions": null,
                                "children": [],
                                "locked": false
                            },
                            {
                                "fieldtype": "select",
                                "options": [
                                    {
                                        "key": "Committed",
                                        "value": "committed"
                                    },
                                    {
                                        "key": "Cancelled",
                                        "value": "cancelled"
                                    }
                                ],
                                "width": 400,
                                "defaultValue": "",
                                "optionsProviderClass": null,
                                "optionsProviderData": null,
                                "queryColumnType": "varchar",
                                "columnType": "varchar",
                                "columnLength": 190,
                                "dynamicOptions": false,
                                "name": "orderState",
                                "title": "Order Item State",
                                "tooltip": "",
                                "mandatory": false,
                                "noteditable": false,
                                "index": false,
                                "locked": false,
                                "style": "",
                                "permissions": null,
                                "datatype": "data",
                                "relationType": false,
                                "invisible": false,
                                "visibleGridView": false,
                                "visibleSearch": false,
                                "defaultValueGenerator": ""
                            },
                            {
                                "fieldtype": "fieldset",
                                "name": "Product Information",
                                "type": null,
                                "region": null,
                                "title": "Product Information",
                                "width": null,
                                "height": null,
                                "collapsible": false,
                                "collapsed": false,
                                "bodyStyle": "",
                                "datatype": "layout",
                                "permissions": null,
                                "children": [
                                    {
                                        "fieldtype": "manyToOneRelation",
                                        "width": 400,
                                        "assetUploadPath": "",
                                        "relationType": true,
                                        "queryColumnType": {
                                            "id": "int(11)",
                                            "type": "enum('document','asset','object')"
                                        },
                                        "objectsAllowed": true,
                                        "assetsAllowed": false,
                                        "assetTypes": [],
                                        "documentsAllowed": false,
                                        "documentTypes": [],
                                        "classes": [],
                                        "pathFormatterClass": "",
                                        "name": "product",
                                        "title": "Produkt",
                                        "tooltip": "",
                                        "mandatory": false,
                                        "noteditable": true,
                                        "index": false,
                                        "locked": false,
                                        "style": "",
                                        "permissions": null,
                                        "datatype": "data",
                                        "invisible": false,
                                        "visibleGridView": false,
                                        "visibleSearch": false
                                    },
                                    {
                                        "fieldtype": "input",
                                        "width": 400,
                                        "defaultValue": null,
                                        "queryColumnType": "varchar",
                                        "columnType": "varchar",
                                        "columnLength": 255,
                                        "regex": "",
                                        "unique": false,
                                        "showCharCount": false,
                                        "name": "productNumber",
                                        "title": "Produktnummer",
                                        "tooltip": "",
                                        "mandatory": false,
                                        "noteditable": true,
                                        "index": false,
                                        "locked": false,
                                        "style": "",
                                        "permissions": null,
                                        "datatype": "data",
                                        "relationType": false,
                                        "invisible": false,
                                        "visibleGridView": true,
                                        "visibleSearch": true,
                                        "defaultValueGenerator": ""
                                    },
                                    {
                                        "fieldtype": "input",
                                        "width": 400,
                                        "defaultValue": null,
                                        "queryColumnType": "varchar",
                                        "columnType": "varchar",
                                        "columnLength": 255,
                                        "regex": "",
                                        "unique": false,
                                        "showCharCount": false,
                                        "name": "productName",
                                        "title": "Produktname",
                                        "tooltip": "",
                                        "mandatory": false,
                                        "noteditable": true,
                                        "index": false,
                                        "locked": false,
                                        "style": "",
                                        "permissions": null,
                                        "datatype": "data",
                                        "relationType": false,
                                        "invisible": false,
                                        "visibleGridView": true,
                                        "visibleSearch": true,
                                        "defaultValueGenerator": ""
                                    }
                                ],
                                "locked": false,
                                "labelWidth": 150,
                                "labelAlign": "left"
                            },
                            {
                                "fieldtype": "fieldset",
                                "name": "Price Information",
                                "type": null,
                                "region": null,
                                "title": "Price Information",
                                "width": null,
                                "height": null,
                                "collapsible": false,
                                "collapsed": false,
                                "bodyStyle": "",
                                "datatype": "layout",
                                "permissions": null,
                                "children": [
                                    {
                                        "fieldtype": "numeric",
                                        "width": 400,
                                        "defaultValue": null,
                                        "queryColumnType": "double",
                                        "columnType": "double",
                                        "integer": false,
                                        "unsigned": false,
                                        "minValue": null,
                                        "maxValue": null,
                                        "unique": false,
                                        "decimalSize": null,
                                        "decimalPrecision": null,
                                        "name": "amount",
                                        "title": "Amount",
                                        "tooltip": "",
                                        "mandatory": false,
                                        "noteditable": true,
                                        "index": false,
                                        "locked": false,
                                        "style": "",
                                        "permissions": null,
                                        "datatype": "data",
                                        "relationType": false,
                                        "invisible": false,
                                        "visibleGridView": true,
                                        "visibleSearch": true,
                                        "defaultValueGenerator": ""
                                    },
                                    {
                                        "fieldtype": "numeric",
                                        "width": 400,
                                        "defaultValue": null,
                                        "queryColumnType": "double",
                                        "columnType": "double",
                                        "integer": false,
                                        "unsigned": false,
                                        "minValue": null,
                                        "maxValue": null,
                                        "unique": false,
                                        "decimalSize": 19,
                                        "decimalPrecision": 4,
                                        "name": "totalNetPrice",
                                        "title": "NetPrice",
                                        "tooltip": "",
                                        "mandatory": false,
                                        "noteditable": true,
                                        "index": false,
                                        "locked": false,
                                        "style": "",
                                        "permissions": null,
                                        "datatype": "data",
                                        "relationType": false,
                                        "invisible": false,
                                        "visibleGridView": false,
                                        "visibleSearch": false,
                                        "defaultValueGenerator": ""
                                    },
                                    {
                                        "fieldtype": "numeric",
                                        "width": 400,
                                        "defaultValue": null,
                                        "queryColumnType": "double",
                                        "columnType": "double",
                                        "integer": false,
                                        "unsigned": false,
                                        "minValue": null,
                                        "maxValue": null,
                                        "unique": false,
                                        "decimalSize": 19,
                                        "decimalPrecision": 4,
                                        "name": "totalPrice",
                                        "title": "Price",
                                        "tooltip": "",
                                        "mandatory": false,
                                        "noteditable": true,
                                        "index": false,
                                        "locked": false,
                                        "style": "",
                                        "permissions": null,
                                        "datatype": "data",
                                        "relationType": false,
                                        "invisible": false,
                                        "visibleGridView": false,
                                        "visibleSearch": false,
                                        "defaultValueGenerator": ""
                                    },
                                    {
                                        "fieldtype": "table",
                                        "width": "",
                                        "height": "",
                                        "cols": null,
                                        "colsFixed": false,
                                        "rows": null,
                                        "rowsFixed": false,
                                        "data": "",
                                        "columnConfigActivated": false,
                                        "columnConfig": [],
                                        "queryColumnType": "longtext",
                                        "columnType": "longtext",
                                        "name": "taxInfo",
                                        "title": "Tax Information",
                                        "tooltip": "",
                                        "mandatory": false,
                                        "noteditable": true,
                                        "index": false,
                                        "locked": false,
                                        "style": "",
                                        "permissions": null,
                                        "datatype": "data",
                                        "relationType": false,
                                        "invisible": false,
                                        "visibleGridView": false,
                                        "visibleSearch": false
                                    },
                                    {
                                        "fieldtype": "fieldcollections",
                                        "allowedTypes": [
                                            "PricingRule"
                                        ],
                                        "lazyLoading": true,
                                        "maxItems": null,
                                        "disallowAddRemove": false,
                                        "disallowReorder": false,
                                        "collapsed": false,
                                        "collapsible": false,
                                        "border": false,
                                        "name": "pricingRules",
                                        "title": "Pricing Rules",
                                        "tooltip": "",
                                        "mandatory": false,
                                        "noteditable": true,
                                        "index": false,
                                        "locked": false,
                                        "style": "",
                                        "permissions": null,
                                        "datatype": "data",
                                        "relationType": false,
                                        "invisible": false,
                                        "visibleGridView": false,
                                        "visibleSearch": false
                                    }
                                ],
                                "locked": false,
                                "labelWidth": 150,
                                "labelAlign": "left"
                            },
                            {
                                "fieldtype": "textarea",
                                "width": 400,
                                "height": "",
                                "maxLength": null,
                                "showCharCount": false,
                                "excludeFromSearchIndex": false,
                                "queryColumnType": "longtext",
                                "columnType": "longtext",
                                "name": "comment",
                                "title": "Comment",
                                "tooltip": "",
                                "mandatory": false,
                                "noteditable": true,
                                "index": false,
                                "locked": false,
                                "style": "",
                                "permissions": null,
                                "datatype": "data",
                                "relationType": false,
                                "invisible": false,
                                "visibleGridView": false,
                                "visibleSearch": false
                            },
                            {
                                "fieldtype": "manyToManyObjectRelation",
                                "width": "",
                                "height": "",
                                "maxItems": null,
                                "queryColumnType": "text",
                                "relationType": true,
                                "visibleFields": null,
                                "allowToCreateNewObject": true,
                                "optimizedAdminLoading": false,
                                "visibleFieldDefinitions": [],
                                "classes": [
                                    {
                                        "classes": "OnlineShopOrderItem"
                                    }
                                ],
                                "pathFormatterClass": "",
                                "name": "subItems",
                                "title": "Subitems",
                                "tooltip": "",
                                "mandatory": false,
                                "noteditable": true,
                                "index": false,
                                "locked": false,
                                "style": "",
                                "permissions": null,
                                "datatype": "data",
                                "invisible": false,
                                "visibleGridView": false,
                                "visibleSearch": false
                            }
                        ],
                        "locked": false,
                        "icon": null,
                        "labelWidth": 150,
                        "labelAlign": "left"
                    },
                    {
                        "fieldtype": "panel",
                        "layout": null,
                        "border": false,
                        "name": "customizations",
                        "type": null,
                        "region": "",
                        "title": "Customizations",
                        "width": null,
                        "height": null,
                        "collapsible": false,
                        "collapsed": false,
                        "bodyStyle": "",
                        "datatype": "layout",
                        "permissions": null,
                        "children": [
                            {
                                "fieldtype": "text",
                                "html": "<b>Customized<\/b>&nbsp;gives you the possibility to add object bricks with&nbsp;additional data to your order items.",
                                "renderingClass": "",
                                "renderingData": "",
                                "border": false,
                                "name": "Layout",
                                "type": null,
                                "region": null,
                                "title": "",
                                "width": null,
                                "height": null,
                                "collapsible": false,
                                "collapsed": false,
                                "bodyStyle": "padding: 10px; background-color: #d9edf7; border-color: #bce8f1 !important; color: #31708f;",
                                "datatype": "layout",
                                "permissions": null,
                                "children": [],
                                "locked": false
                            },
                            {
                                "fieldtype": "objectbricks",
                                "allowedTypes": [],
                                "maxItems": null,
                                "border": false,
                                "name": "customized",
                                "title": "Customized",
                                "tooltip": "",
                                "mandatory": false,
                                "noteditable": false,
                                "index": false,
                                "locked": false,
                                "style": "",
                                "permissions": null,
                                "datatype": "data",
                                "relationType": false,
                                "invisible": false,
                                "visibleGridView": false,
                                "visibleSearch": false
                            }
                        ],
                        "locked": false,
                        "icon": null,
                        "labelWidth": 100,
                        "labelAlign": "left"
                    }
                ],
                "locked": false
            }
        ],
        "locked": false,
        "icon": null,
        "labelWidth": 100,
        "labelAlign": "left"
    },
    "icon": "\/bundles\/pimcoreadmin\/img\/twemoji\/1f4e6.svg",
    "group": "E-Commerce",
    "showAppLoggerTab": false,
    "linkGeneratorReference": "",
    "compositeIndices": [],
    "showFieldLookup": false,
    "propertyVisibility": {
        "grid": {
            "id": true,
            "key": false,
            "path": true,
            "published": true,
            "modificationDate": false,
            "creationDate": false
        },
        "search": {
            "id": true,
            "key": false,
            "path": true,
            "published": true,
            "modificationDate": false,
            "creationDate": false
        }
    },
    "enableGridLocking": false
}
