{
    "description": "",
    "parentClass": "\\Pimcore\\Bundle\\EcommerceFrameworkBundle\\Model\\AbstractVoucherSeries",
    "implementsInterfaces": "",
    "listingParentClass": "",
    "useTraits": "",
    "listingUseTraits": "",
    "allowInherit": false,
    "allowVariants": false,
    "showVariants": false,
    "layoutDefinitions": {
        "fieldtype": "panel",
        "layout": null,
        "border": false,
        "name": "pimcore_root",
        "type": null,
        "region": null,
        "title": null,
        "width": 0,
        "height": 0,
        "collapsible": false,
        "collapsed": false,
        "bodyStyle": null,
        "datatype": "layout",
        "permissions": null,
        "children": [
            {
                "fieldtype": "panel",
                "layout": null,
                "border": false,
                "name": "Layout",
                "type": null,
                "region": null,
                "title": "",
                "width": null,
                "height": null,
                "collapsible": false,
                "collapsed": false,
                "bodyStyle": "",
                "datatype": "layout",
                "permissions": null,
                "children": [
                    {
                        "fieldtype": "text",
                        "html": "<b>VoucherSeries <\/b>to set up valid voucher tokens.&nbsp;<div>- Name: Specify a name for this voucher series. Just for finding it again ;-)&nbsp;<\/div><div>-&nbsp;Token Settings: Specify a token calculation type and define specific settings for token generation.&nbsp;<\/div><div>Actual tokens are available in additional tab 'Voucher Service'&nbsp;<\/div>",
                        "renderingClass": null,
                        "renderingData": null,
                        "border": false,
                        "name": "Layout",
                        "type": null,
                        "region": null,
                        "title": "",
                        "width": null,
                        "height": null,
                        "collapsible": false,
                        "collapsed": false,
                        "bodyStyle": "padding: 10px; background-color: #d9edf7; border-color: #bce8f1 !important; color: #31708f;",
                        "datatype": "layout",
                        "permissions": null,
                        "children": [],
                        "locked": false
                    },
                    {
                        "fieldtype": "input",
                        "width": 400,
                        "defaultValue": null,
                        "queryColumnType": "varchar",
                        "columnType": "varchar",
                        "columnLength": 255,
                        "regex": "",
                        "unique": false,
                        "showCharCount": false,
                        "name": "name",
                        "title": "Name",
                        "tooltip": "",
                        "mandatory": false,
                        "noteditable": false,
                        "index": false,
                        "locked": false,
                        "style": "",
                        "permissions": null,
                        "datatype": "data",
                        "relationType": false,
                        "invisible": false,
                        "visibleGridView": true,
                        "visibleSearch": true,
                        "defaultValueGenerator": ""
                    },
                    {
                        "fieldtype": "fieldcollections",
                        "allowedTypes": [
                            "VoucherTokenTypePattern",
                            "VoucherTokenTypeSingle"
                        ],
                        "lazyLoading": false,
                        "maxItems": 1,
                        "disallowAddRemove": false,
                        "disallowReorder": true,
                        "collapsed": false,
                        "collapsible": false,
                        "border": false,
                        "name": "tokenSettings",
                        "title": "Token Settings",
                        "tooltip": "",
                        "mandatory": false,
                        "noteditable": false,
                        "index": false,
                        "locked": false,
                        "style": "",
                        "permissions": null,
                        "datatype": "data",
                        "relationType": false,
                        "invisible": false,
                        "visibleGridView": false,
                        "visibleSearch": false
                    }
                ],
                "locked": false,
                "icon": null,
                "labelWidth": 150,
                "labelAlign": "left"
            }
        ],
        "locked": false,
        "icon": null,
        "labelWidth": 100,
        "labelAlign": "left"
    },
    "icon": "\/bundles\/pimcoreadmin\/img\/flat-color-icons\/vip.svg",
    "group": "E-Commerce",
    "showAppLoggerTab": false,
    "linkGeneratorReference": "",
    "compositeIndices": [],
    "showFieldLookup": false,
    "propertyVisibility": {
        "grid": {
            "id": true,
            "key": false,
            "path": true,
            "published": true,
            "modificationDate": false,
            "creationDate": false
        },
        "search": {
            "id": true,
            "key": false,
            "path": true,
            "published": true,
            "modificationDate": false,
            "creationDate": false
        }
    },
    "enableGridLocking": false
}
