{
    "description": "",
    "parentClass": "\\Pimcore\\Bundle\\EcommerceFrameworkBundle\\Model\\AbstractFilterDefinition",
    "implementsInterfaces": "",
    "listingParentClass": "",
    "useTraits": "",
    "listingUseTraits": "",
    "allowInherit": true,
    "allowVariants": false,
    "showVariants": false,
    "layoutDefinitions": {
        "fieldtype": "panel",
        "layout": null,
        "border": false,
        "name": "pimcore_root",
        "type": null,
        "region": null,
        "title": null,
        "width": 0,
        "height": 0,
        "collapsible": false,
        "collapsed": false,
        "bodyStyle": null,
        "datatype": "layout",
        "permissions": null,
        "children": [
            {
                "fieldtype": "tabpanel",
                "border": false,
                "tabPosition": "top",
                "name": "Layout",
                "type": "",
                "region": "",
                "title": "",
                "width": "",
                "height": "",
                "collapsible": false,
                "collapsed": false,
                "bodyStyle": "",
                "datatype": "layout",
                "permissions": null,
                "children": [
                    {
                        "fieldtype": "panel",
                        "layout": "",
                        "border": false,
                        "name": "General",
                        "type": "",
                        "region": "",
                        "title": "General",
                        "width": null,
                        "height": null,
                        "collapsible": false,
                        "collapsed": false,
                        "bodyStyle": "border: none !important",
                        "datatype": "layout",
                        "permissions": null,
                        "children": [
                            {
                                "fieldtype": "text",
                                "html": "Filter Definitions configure appearance and behavior of product lists in the frontend. Not all options are considered in the frontend by default. The frontend implementation might need take care of them explicitly.&nbsp;",
                                "renderingClass": null,
                                "renderingData": null,
                                "border": false,
                                "name": "Layout",
                                "type": null,
                                "region": null,
                                "title": "",
                                "width": null,
                                "height": null,
                                "collapsible": false,
                                "collapsed": false,
                                "bodyStyle": "padding: 10px; background-color: #d9edf7; border-color: #bce8f1 !important; color: #31708f;",
                                "datatype": "layout",
                                "permissions": null,
                                "children": [],
                                "locked": false
                            },
                            {
                                "fieldtype": "fieldset",
                                "name": "Default Product List Options",
                                "type": null,
                                "region": null,
                                "title": "Default Product List Options",
                                "width": null,
                                "height": null,
                                "collapsible": false,
                                "collapsed": false,
                                "bodyStyle": "",
                                "datatype": "layout",
                                "permissions": null,
                                "children": [
                                    {
                                        "fieldtype": "text",
                                        "html": "<font size=\"2\">These options are considered by default with the ecommerce framework when setting up the product list.&nbsp;<\/font>",
                                        "renderingClass": null,
                                        "renderingData": null,
                                        "border": false,
                                        "name": "Layout",
                                        "type": null,
                                        "region": null,
                                        "title": "",
                                        "width": null,
                                        "height": null,
                                        "collapsible": false,
                                        "collapsed": false,
                                        "bodyStyle": "padding: 10px; background-color: #d9edf7; border-color: #bce8f1 !important; color: #31708f;",
                                        "datatype": "layout",
                                        "permissions": null,
                                        "children": [],
                                        "locked": false
                                    },
                                    {
                                        "fieldtype": "numeric",
                                        "width": 300,
                                        "defaultValue": null,
                                        "queryColumnType": "double",
                                        "columnType": "double",
                                        "integer": false,
                                        "unsigned": false,
                                        "minValue": null,
                                        "maxValue": null,
                                        "unique": false,
                                        "decimalSize": null,
                                        "decimalPrecision": null,
                                        "name": "pageLimit",
                                        "title": "Results per Page",
                                        "tooltip": "",
                                        "mandatory": false,
                                        "noteditable": false,
                                        "index": false,
                                        "locked": false,
                                        "style": "",
                                        "permissions": null,
                                        "datatype": "data",
                                        "relationType": false,
                                        "invisible": false,
                                        "visibleGridView": false,
                                        "visibleSearch": false,
                                        "defaultValueGenerator": ""
                                    },
                                    {
                                        "fieldtype": "select",
                                        "options": [
                                            {
                                                "key": "Yes",
                                                "value": "true"
                                            },
                                            {
                                                "key": "No",
                                                "value": "false"
                                            }
                                        ],
                                        "width": 300,
                                        "defaultValue": "",
                                        "optionsProviderClass": null,
                                        "optionsProviderData": null,
                                        "queryColumnType": "varchar",
                                        "columnType": "varchar",
                                        "columnLength": 190,
                                        "dynamicOptions": false,
                                        "name": "defaultOrderByInheritance",
                                        "title": "inherit Default OrderBy",
                                        "tooltip": "When set to yes, options are taken from a parent filter definition object (if available) .",
                                        "mandatory": false,
                                        "noteditable": false,
                                        "index": false,
                                        "locked": false,
                                        "style": "",
                                        "permissions": null,
                                        "datatype": "data",
                                        "relationType": false,
                                        "invisible": false,
                                        "visibleGridView": false,
                                        "visibleSearch": false,
                                        "defaultValueGenerator": ""
                                    },
                                    {
                                        "fieldtype": "fieldcollections",
                                        "allowedTypes": [
                                            "OrderByFields"
                                        ],
                                        "lazyLoading": false,
                                        "maxItems": 5,
                                        "disallowAddRemove": false,
                                        "disallowReorder": false,
                                        "collapsed": false,
                                        "collapsible": false,
                                        "border": false,
                                        "name": "defaultOrderBy",
                                        "title": "Default OrderBy",
                                        "tooltip": "",
                                        "mandatory": false,
                                        "noteditable": false,
                                        "index": false,
                                        "locked": false,
                                        "style": "",
                                        "permissions": null,
                                        "datatype": "data",
                                        "relationType": false,
                                        "invisible": false,
                                        "visibleGridView": false,
                                        "visibleSearch": false
                                    }
                                ],
                                "locked": false,
                                "labelWidth": 150,
                                "labelAlign": "left"
                            },
                            {
                                "fieldtype": "fieldset",
                                "name": "Order By Options",
                                "type": null,
                                "region": null,
                                "title": "Order By Options",
                                "width": null,
                                "height": null,
                                "collapsible": false,
                                "collapsed": false,
                                "bodyStyle": "",
                                "datatype": "layout",
                                "permissions": null,
                                "children": [
                                    {
                                        "fieldtype": "text",
                                        "html": "Set possible order by options for frontend. This needs to be implemented in the frontend too.&nbsp;",
                                        "renderingClass": null,
                                        "renderingData": null,
                                        "border": false,
                                        "name": "Layout",
                                        "type": null,
                                        "region": null,
                                        "title": "",
                                        "width": null,
                                        "height": null,
                                        "collapsible": false,
                                        "collapsed": false,
                                        "bodyStyle": "padding: 10px; background-color: #d9edf7; border-color: #bce8f1 !important; color: #31708f;",
                                        "datatype": "layout",
                                        "permissions": null,
                                        "children": [],
                                        "locked": false
                                    },
                                    {
                                        "fieldtype": "indexFieldSelectionField",
                                        "specificPriceField": false,
                                        "showAllFields": false,
                                        "considerTenants": true,
                                        "width": "",
                                        "height": "",
                                        "maxLength": null,
                                        "showCharCount": false,
                                        "excludeFromSearchIndex": false,
                                        "queryColumnType": "longtext",
                                        "columnType": "longtext",
                                        "name": "orderByAsc",
                                        "title": "OrderBy",
                                        "tooltip": "",
                                        "mandatory": false,
                                        "noteditable": false,
                                        "index": false,
                                        "locked": false,
                                        "style": "",
                                        "permissions": null,
                                        "datatype": "data",
                                        "relationType": false,
                                        "invisible": false,
                                        "visibleGridView": false,
                                        "visibleSearch": false
                                    },
                                    {
                                        "fieldtype": "indexFieldSelectionField",
                                        "specificPriceField": false,
                                        "showAllFields": false,
                                        "considerTenants": true,
                                        "width": "",
                                        "height": "",
                                        "maxLength": null,
                                        "showCharCount": false,
                                        "excludeFromSearchIndex": false,
                                        "queryColumnType": "longtext",
                                        "columnType": "longtext",
                                        "name": "orderByDesc",
                                        "title": "OrderBy Descending",
                                        "tooltip": "",
                                        "mandatory": false,
                                        "noteditable": false,
                                        "index": false,
                                        "locked": false,
                                        "style": "",
                                        "permissions": null,
                                        "datatype": "data",
                                        "relationType": false,
                                        "invisible": false,
                                        "visibleGridView": false,
                                        "visibleSearch": false
                                    }
                                ],
                                "locked": false,
                                "labelWidth": 155,
                                "labelAlign": "left"
                            },
                            {
                                "fieldtype": "fieldset",
                                "name": "Additional Options",
                                "type": null,
                                "region": null,
                                "title": "Additional Options",
                                "width": null,
                                "height": null,
                                "collapsible": true,
                                "collapsed": true,
                                "bodyStyle": "",
                                "datatype": "layout",
                                "permissions": null,
                                "children": [
                                    {
                                        "fieldtype": "text",
                                        "html": "Place where optional additional settings can go.&nbsp;<div>These settings need to be taken care about by the implementation. They are not considered by the framework by default.&nbsp;<\/div>",
                                        "renderingClass": null,
                                        "renderingData": null,
                                        "border": false,
                                        "name": "Layout",
                                        "type": null,
                                        "region": null,
                                        "title": "",
                                        "width": null,
                                        "height": null,
                                        "collapsible": false,
                                        "collapsed": false,
                                        "bodyStyle": "padding: 10px; background-color: #d9edf7; border-color: #bce8f1 !important; color: #31708f;",
                                        "datatype": "layout",
                                        "permissions": null,
                                        "children": [],
                                        "locked": false
                                    },
                                    {
                                        "fieldtype": "checkbox",
                                        "defaultValue": 0,
                                        "queryColumnType": "tinyint(1)",
                                        "columnType": "tinyint(1)",
                                        "name": "ajaxReload",
                                        "title": "ajaxReload",
                                        "tooltip": "",
                                        "mandatory": false,
                                        "noteditable": false,
                                        "index": false,
                                        "locked": false,
                                        "style": "",
                                        "permissions": null,
                                        "datatype": "data",
                                        "relationType": false,
                                        "invisible": false,
                                        "visibleGridView": false,
                                        "visibleSearch": false,
                                        "defaultValueGenerator": ""
                                    },
                                    {
                                        "fieldtype": "checkbox",
                                        "defaultValue": 0,
                                        "queryColumnType": "tinyint(1)",
                                        "columnType": "tinyint(1)",
                                        "name": "infiniteScroll",
                                        "title": "Infinite Scroll",
                                        "tooltip": "",
                                        "mandatory": false,
                                        "noteditable": false,
                                        "index": false,
                                        "locked": false,
                                        "style": "",
                                        "permissions": null,
                                        "datatype": "data",
                                        "relationType": false,
                                        "invisible": false,
                                        "visibleGridView": false,
                                        "visibleSearch": false,
                                        "defaultValueGenerator": ""
                                    },
                                    {
                                        "fieldtype": "numeric",
                                        "width": 300,
                                        "defaultValue": null,
                                        "queryColumnType": "double",
                                        "columnType": "double",
                                        "integer": false,
                                        "unsigned": false,
                                        "minValue": null,
                                        "maxValue": null,
                                        "unique": false,
                                        "decimalSize": null,
                                        "decimalPrecision": null,
                                        "name": "limitOnFirstLoad",
                                        "title": "Limit on First Load",
                                        "tooltip": "",
                                        "mandatory": false,
                                        "noteditable": false,
                                        "index": false,
                                        "locked": false,
                                        "style": "",
                                        "permissions": null,
                                        "datatype": "data",
                                        "relationType": false,
                                        "invisible": false,
                                        "visibleGridView": false,
                                        "visibleSearch": false,
                                        "defaultValueGenerator": ""
                                    }
                                ],
                                "locked": false,
                                "labelWidth": 150,
                                "labelAlign": "left"
                            }
                        ],
                        "locked": false,
                        "icon": null,
                        "labelWidth": 100,
                        "labelAlign": "left"
                    },
                    {
                        "fieldtype": "panel",
                        "layout": "",
                        "border": false,
                        "name": "Preconditions",
                        "type": "",
                        "region": "",
                        "title": "Preconditions",
                        "width": null,
                        "height": null,
                        "collapsible": false,
                        "collapsed": false,
                        "bodyStyle": "border: none !important",
                        "datatype": "layout",
                        "permissions": null,
                        "children": [
                            {
                                "fieldtype": "text",
                                "html": "Preconditions are applied to the product list without being shown at the filters list in the frontend. Therefore preconditions cannot be changed by the user in the frontend.<div>In order to filter for specific value use the pre select attribute in the entries.&nbsp;<\/div>",
                                "renderingClass": "",
                                "renderingData": "",
                                "border": false,
                                "name": "Layout",
                                "type": null,
                                "region": null,
                                "title": "",
                                "width": null,
                                "height": null,
                                "collapsible": false,
                                "collapsed": false,
                                "bodyStyle": "padding: 10px; background-color: #d9edf7; border-color: #bce8f1 !important; color: #31708f;",
                                "datatype": "layout",
                                "permissions": null,
                                "children": [],
                                "locked": false
                            },
                            {
                                "fieldtype": "select",
                                "options": [
                                    {
                                        "key": "Yes",
                                        "value": "true"
                                    },
                                    {
                                        "key": "No",
                                        "value": "false"
                                    }
                                ],
                                "width": 300,
                                "defaultValue": "",
                                "optionsProviderClass": "",
                                "optionsProviderData": "",
                                "queryColumnType": "varchar",
                                "columnType": "varchar",
                                "columnLength": 190,
                                "dynamicOptions": false,
                                "name": "conditionsInheritance",
                                "title": "inherit Conditions",
                                "tooltip": "When set to yes, options are taken from a parent filter definition object (if available) .",
                                "mandatory": false,
                                "noteditable": false,
                                "index": false,
                                "locked": false,
                                "style": "",
                                "permissions": null,
                                "datatype": "data",
                                "relationType": false,
                                "invisible": false,
                                "visibleGridView": false,
                                "visibleSearch": false,
                                "defaultValueGenerator": ""
                            },
                            {
                                "fieldtype": "fieldcollections",
                                "allowedTypes": [
                                    "FilterSelectFromMultiSelect",
                                    "FilterCategoryMultiselect",
                                    "FilterCategory",
                                    "FilterMultiRelation",
                                    "FilterMultiSelect",
                                    "FilterMultiSelectFromMultiSelect",
                                    "FilterNumberRange",
                                    "FilterNumberRangeSelection",
                                    "FilterRelation",
                                    "FilterSelect"
                                ],
                                "lazyLoading": false,
                                "maxItems": null,
                                "disallowAddRemove": false,
                                "disallowReorder": false,
                                "collapsed": false,
                                "collapsible": false,
                                "border": false,
                                "name": "conditions",
                                "title": "Conditions",
                                "tooltip": "",
                                "mandatory": false,
                                "noteditable": false,
                                "index": false,
                                "locked": false,
                                "style": "",
                                "permissions": null,
                                "datatype": "data",
                                "relationType": false,
                                "invisible": false,
                                "visibleGridView": false,
                                "visibleSearch": false
                            }
                        ],
                        "locked": false,
                        "icon": null,
                        "labelWidth": 150,
                        "labelAlign": "left"
                    },
                    {
                        "fieldtype": "panel",
                        "layout": "",
                        "border": false,
                        "name": "Filters",
                        "type": "",
                        "region": "",
                        "title": "Filters",
                        "width": null,
                        "height": null,
                        "collapsible": false,
                        "collapsed": false,
                        "bodyStyle": "border: none !important",
                        "datatype": "layout",
                        "permissions": null,
                        "children": [
                            {
                                "fieldtype": "text",
                                "html": "Filters are - if implemented in the frontend - visible to the user and apply filters to the product list.&nbsp;",
                                "renderingClass": null,
                                "renderingData": null,
                                "border": false,
                                "name": "Layout",
                                "type": null,
                                "region": null,
                                "title": "",
                                "width": null,
                                "height": null,
                                "collapsible": false,
                                "collapsed": false,
                                "bodyStyle": "padding: 10px; background-color: #d9edf7; border-color: #bce8f1 !important; color: #31708f;",
                                "datatype": "layout",
                                "permissions": null,
                                "children": [],
                                "locked": false
                            },
                            {
                                "fieldtype": "select",
                                "options": [
                                    {
                                        "key": "Yes",
                                        "value": "true"
                                    },
                                    {
                                        "key": "No",
                                        "value": "false"
                                    }
                                ],
                                "width": 300,
                                "defaultValue": "",
                                "optionsProviderClass": null,
                                "optionsProviderData": null,
                                "queryColumnType": "varchar",
                                "columnType": "varchar",
                                "columnLength": 190,
                                "dynamicOptions": false,
                                "name": "filtersInheritance",
                                "title": "inherit Filters",
                                "tooltip": "When set to yes, options are taken from a parent filter definition object (if available) .",
                                "mandatory": false,
                                "noteditable": false,
                                "index": false,
                                "locked": false,
                                "style": "",
                                "permissions": null,
                                "datatype": "data",
                                "relationType": false,
                                "invisible": false,
                                "visibleGridView": false,
                                "visibleSearch": false,
                                "defaultValueGenerator": ""
                            },
                            {
                                "fieldtype": "fieldcollections",
                                "allowedTypes": [
                                    "FilterCategory",
                                    "FilterMultiRelation",
                                    "FilterMultiSelect",
                                    "FilterMultiSelectFromMultiSelect",
                                    "FilterNumberRange",
                                    "FilterNumberRangeSelection",
                                    "FilterRelation",
                                    "FilterSelect",
                                    "FilterSelectFromMultiSelect",
                                    "FilterInputfield"
                                ],
                                "lazyLoading": false,
                                "maxItems": 10,
                                "disallowAddRemove": false,
                                "disallowReorder": false,
                                "collapsed": false,
                                "collapsible": false,
                                "border": false,
                                "name": "filters",
                                "title": "Filters",
                                "tooltip": "",
                                "mandatory": false,
                                "noteditable": false,
                                "index": false,
                                "locked": false,
                                "style": "",
                                "permissions": null,
                                "datatype": "data",
                                "relationType": false,
                                "invisible": false,
                                "visibleGridView": false,
                                "visibleSearch": false
                            }
                        ],
                        "locked": false,
                        "icon": null,
                        "labelWidth": 150,
                        "labelAlign": "left"
                    },
                    {
                        "fieldtype": "panel",
                        "layout": "",
                        "border": false,
                        "name": "Recommendations",
                        "type": "",
                        "region": "",
                        "title": "Recommendations",
                        "width": null,
                        "height": null,
                        "collapsible": false,
                        "collapsed": false,
                        "bodyStyle": "border: none !important",
                        "datatype": "layout",
                        "permissions": null,
                        "children": [
                            {
                                "fieldtype": "text",
                                "html": "Settings for similarity calculation. These options are optional and need to be explicitly considered by the frontent implementation.&nbsp;",
                                "renderingClass": null,
                                "renderingData": null,
                                "border": false,
                                "name": "Layout",
                                "type": null,
                                "region": null,
                                "title": "",
                                "width": null,
                                "height": null,
                                "collapsible": false,
                                "collapsed": false,
                                "bodyStyle": "padding: 10px; background-color: #d9edf7; border-color: #bce8f1 !important; color: #31708f;",
                                "datatype": "layout",
                                "permissions": null,
                                "children": [],
                                "locked": false
                            },
                            {
                                "fieldtype": "manyToOneRelation",
                                "width": 500,
                                "assetUploadPath": "",
                                "relationType": true,
                                "queryColumnType": {
                                    "id": "int(11)",
                                    "type": "enum('document','asset','object')"
                                },
                                "objectsAllowed": true,
                                "assetsAllowed": false,
                                "assetTypes": [],
                                "documentsAllowed": false,
                                "documentTypes": [],
                                "classes": [
                                    {
                                        "classes": "ProductCategory"
                                    }
                                ],
                                "pathFormatterClass": null,
                                "name": "crossSellingCategory",
                                "title": "Base category for recommendations",
                                "tooltip": "",
                                "mandatory": false,
                                "noteditable": false,
                                "index": false,
                                "locked": false,
                                "style": "",
                                "permissions": null,
                                "datatype": "data",
                                "invisible": false,
                                "visibleGridView": false,
                                "visibleSearch": false
                            },
                            {
                                "fieldtype": "fieldset",
                                "name": "Layout",
                                "type": "",
                                "region": "",
                                "title": "Similarity",
                                "width": null,
                                "height": null,
                                "collapsible": false,
                                "collapsed": false,
                                "bodyStyle": "",
                                "datatype": "layout",
                                "permissions": null,
                                "children": [
                                    {
                                        "fieldtype": "select",
                                        "options": [
                                            {
                                                "key": "Yes",
                                                "value": "true"
                                            },
                                            {
                                                "key": "No",
                                                "value": "false"
                                            }
                                        ],
                                        "width": 300,
                                        "defaultValue": "",
                                        "optionsProviderClass": null,
                                        "optionsProviderData": null,
                                        "queryColumnType": "varchar",
                                        "columnType": "varchar",
                                        "columnLength": 190,
                                        "dynamicOptions": false,
                                        "name": "similarityFieldsInheritance",
                                        "title": "inherit SimilarityFields",
                                        "tooltip": "When set to yes, options are taken from a parent filter definition object (if available) .",
                                        "mandatory": false,
                                        "noteditable": false,
                                        "index": false,
                                        "locked": false,
                                        "style": "",
                                        "permissions": null,
                                        "datatype": "data",
                                        "relationType": false,
                                        "invisible": false,
                                        "visibleGridView": false,
                                        "visibleSearch": false,
                                        "defaultValueGenerator": ""
                                    },
                                    {
                                        "fieldtype": "fieldcollections",
                                        "allowedTypes": [
                                            "SimilarityField"
                                        ],
                                        "lazyLoading": true,
                                        "maxItems": null,
                                        "disallowAddRemove": false,
                                        "disallowReorder": false,
                                        "collapsed": false,
                                        "collapsible": false,
                                        "border": false,
                                        "name": "similarityFields",
                                        "title": "SimilarityFields",
                                        "tooltip": "",
                                        "mandatory": false,
                                        "noteditable": false,
                                        "index": false,
                                        "locked": false,
                                        "style": "",
                                        "permissions": null,
                                        "datatype": "data",
                                        "relationType": false,
                                        "invisible": false,
                                        "visibleGridView": false,
                                        "visibleSearch": false
                                    }
                                ],
                                "locked": false,
                                "labelWidth": 150,
                                "labelAlign": "left"
                            }
                        ],
                        "locked": false,
                        "icon": null,
                        "labelWidth": 150,
                        "labelAlign": "left"
                    }
                ],
                "locked": false
            }
        ],
        "locked": false,
        "icon": null,
        "labelWidth": 100,
        "labelAlign": "left"
    },
    "icon": "\/bundles\/pimcoreadmin\/img\/flat-color-icons\/empty_filter.svg",
    "group": "E-Commerce",
    "showAppLoggerTab": false,
    "linkGeneratorReference": "",
    "compositeIndices": [],
    "showFieldLookup": false,
    "propertyVisibility": {
        "grid": {
            "id": true,
            "key": false,
            "path": true,
            "published": true,
            "modificationDate": false,
            "creationDate": false
        },
        "search": {
            "id": true,
            "key": false,
            "path": true,
            "published": true,
            "modificationDate": false,
            "creationDate": false
        }
    },
    "enableGridLocking": false
}
