{
    "description": "",
    "parentClass": "\\Pimcore\\Bundle\\EcommerceFrameworkBundle\\Model\\AbstractOrder",
    "implementsInterfaces": "",
    "listingParentClass": "",
    "useTraits": "",
    "listingUseTraits": "",
    "allowInherit": false,
    "allowVariants": false,
    "showVariants": false,
    "layoutDefinitions": {
        "fieldtype": "panel",
        "layout": null,
        "border": false,
        "name": "pimcore_root",
        "type": null,
        "region": null,
        "title": null,
        "width": 0,
        "height": 0,
        "collapsible": false,
        "collapsed": false,
        "bodyStyle": null,
        "datatype": "layout",
        "permissions": null,
        "children": [
            {
                "fieldtype": "tabpanel",
                "border": false,
                "tabPosition": "top",
                "name": "Layout",
                "type": null,
                "region": null,
                "title": null,
                "width": null,
                "height": null,
                "collapsible": false,
                "collapsed": false,
                "bodyStyle": null,
                "datatype": "layout",
                "permissions": null,
                "children": [
                    {
                        "fieldtype": "panel",
                        "layout": "",
                        "border": false,
                        "name": "general",
                        "type": "",
                        "region": "center",
                        "title": "General Information",
                        "width": null,
                        "height": null,
                        "collapsible": false,
                        "collapsed": false,
                        "bodyStyle": "",
                        "datatype": "layout",
                        "permissions": null,
                        "children": [
                            {
                                "fieldtype": "text",
                                "html": "<font face=\"Open Sans, Helvetica Neue, helvetica, arial, verdana, sans-serif\"><span style=\"font-size: 13px;\">\u200b<b>OnlineShopOrder <\/b>as storage for created orders.&nbsp;<\/span><\/font><div><span style=\"font-family: 'Open Sans', 'Helvetica Neue', helvetica, arial, verdana, sans-serif; font-size: 13px;\">\u200bMay be extended for specific use case.&nbsp;<\/span><br><\/div>",
                                "renderingClass": null,
                                "renderingData": null,
                                "border": false,
                                "name": "Layout",
                                "type": null,
                                "region": null,
                                "title": "",
                                "width": null,
                                "height": null,
                                "collapsible": false,
                                "collapsed": false,
                                "bodyStyle": "padding: 10px; background-color: #d9edf7; border-color: #bce8f1 !important; color: #31708f;",
                                "datatype": "layout",
                                "permissions": null,
                                "children": [],
                                "locked": false
                            },
                            {
                                "fieldtype": "fieldset",
                                "name": "Order Information",
                                "type": null,
                                "region": null,
                                "title": "Order Information",
                                "width": null,
                                "height": null,
                                "collapsible": false,
                                "collapsed": false,
                                "bodyStyle": "",
                                "datatype": "layout",
                                "permissions": null,
                                "children": [
                                    {
                                        "fieldtype": "input",
                                        "width": 400,
                                        "defaultValue": null,
                                        "queryColumnType": "varchar",
                                        "columnType": "varchar",
                                        "columnLength": 255,
                                        "regex": "",
                                        "unique": false,
                                        "showCharCount": false,
                                        "name": "ordernumber",
                                        "title": "Ordernumber",
                                        "tooltip": "",
                                        "mandatory": false,
                                        "noteditable": true,
                                        "index": false,
                                        "locked": false,
                                        "style": "",
                                        "permissions": null,
                                        "datatype": "data",
                                        "relationType": false,
                                        "invisible": false,
                                        "visibleGridView": true,
                                        "visibleSearch": true,
                                        "defaultValueGenerator": ""
                                    },
                                    {
                                        "fieldtype": "select",
                                        "options": [
                                            {
                                                "key": "Committed",
                                                "value": "committed"
                                            },
                                            {
                                                "key": "Cancelled",
                                                "value": "cancelled"
                                            },
                                            {
                                                "key": "Payment Pending",
                                                "value": "paymentPending"
                                            },
                                            {
                                                "key": "Aborted",
                                                "value": "aborted"
                                            }
                                        ],
                                        "width": 400,
                                        "defaultValue": "",
                                        "optionsProviderClass": "",
                                        "optionsProviderData": "",
                                        "queryColumnType": "varchar",
                                        "columnType": "varchar",
                                        "columnLength": 190,
                                        "dynamicOptions": false,
                                        "name": "orderState",
                                        "title": "OrderState",
                                        "tooltip": "",
                                        "mandatory": false,
                                        "noteditable": true,
                                        "index": false,
                                        "locked": false,
                                        "style": "",
                                        "permissions": null,
                                        "datatype": "data",
                                        "relationType": false,
                                        "invisible": false,
                                        "visibleGridView": true,
                                        "visibleSearch": true,
                                        "defaultValueGenerator": ""
                                    },
                                    {
                                        "fieldtype": "datetime",
                                        "queryColumnType": "bigint(20)",
                                        "columnType": "bigint(20)",
                                        "defaultValue": null,
                                        "useCurrentDate": false,
                                        "name": "orderdate",
                                        "title": "Orderdate",
                                        "tooltip": "",
                                        "mandatory": false,
                                        "noteditable": true,
                                        "index": false,
                                        "locked": false,
                                        "style": "",
                                        "permissions": null,
                                        "datatype": "data",
                                        "relationType": false,
                                        "invisible": false,
                                        "visibleGridView": true,
                                        "visibleSearch": true,
                                        "defaultValueGenerator": ""
                                    },
                                    {
                                        "fieldtype": "manyToManyObjectRelation",
                                        "width": "",
                                        "height": "",
                                        "maxItems": null,
                                        "queryColumnType": "text",
                                        "relationType": true,
                                        "visibleFields": null,
                                        "allowToCreateNewObject": true,
                                        "optimizedAdminLoading": false,
                                        "visibleFieldDefinitions": [],
                                        "classes": [
                                            {
                                                "classes": "OnlineShopOrderItem"
                                            }
                                        ],
                                        "pathFormatterClass": "",
                                        "name": "items",
                                        "title": "Items",
                                        "tooltip": "",
                                        "mandatory": false,
                                        "noteditable": true,
                                        "index": false,
                                        "locked": false,
                                        "style": "",
                                        "permissions": null,
                                        "datatype": "data",
                                        "invisible": false,
                                        "visibleGridView": false,
                                        "visibleSearch": false
                                    },
                                    {
                                        "fieldtype": "textarea",
                                        "width": 400,
                                        "height": 200,
                                        "maxLength": null,
                                        "showCharCount": false,
                                        "excludeFromSearchIndex": false,
                                        "queryColumnType": "longtext",
                                        "columnType": "longtext",
                                        "name": "comment",
                                        "title": "Comment",
                                        "tooltip": "",
                                        "mandatory": false,
                                        "noteditable": true,
                                        "index": false,
                                        "locked": false,
                                        "style": "",
                                        "permissions": null,
                                        "datatype": "data",
                                        "relationType": false,
                                        "invisible": false,
                                        "visibleGridView": false,
                                        "visibleSearch": false
                                    },
                                    {
                                        "fieldtype": "input",
                                        "width": 400,
                                        "defaultValue": null,
                                        "queryColumnType": "varchar",
                                        "columnType": "varchar",
                                        "columnLength": 255,
                                        "regex": "",
                                        "unique": false,
                                        "showCharCount": false,
                                        "name": "customerOrderData",
                                        "title": "Customer Order Data",
                                        "tooltip": "",
                                        "mandatory": false,
                                        "noteditable": true,
                                        "index": false,
                                        "locked": false,
                                        "style": "",
                                        "permissions": null,
                                        "datatype": "data",
                                        "relationType": false,
                                        "invisible": false,
                                        "visibleGridView": false,
                                        "visibleSearch": false,
                                        "defaultValueGenerator": ""
                                    },
                                    {
                                        "fieldtype": "manyToManyObjectRelation",
                                        "width": "",
                                        "height": "",
                                        "maxItems": null,
                                        "queryColumnType": "text",
                                        "relationType": true,
                                        "visibleFields": null,
                                        "allowToCreateNewObject": true,
                                        "optimizedAdminLoading": false,
                                        "visibleFieldDefinitions": [],
                                        "classes": [
                                            {
                                                "classes": "OnlineShopVoucherToken"
                                            }
                                        ],
                                        "pathFormatterClass": null,
                                        "name": "voucherTokens",
                                        "title": "Voucher Tokens",
                                        "tooltip": "",
                                        "mandatory": false,
                                        "noteditable": true,
                                        "index": false,
                                        "locked": false,
                                        "style": "",
                                        "permissions": null,
                                        "datatype": "data",
                                        "invisible": false,
                                        "visibleGridView": false,
                                        "visibleSearch": false
                                    }
                                ],
                                "locked": false,
                                "labelWidth": 150,
                                "labelAlign": "left"
                            },
                            {
                                "fieldtype": "fieldset",
                                "name": "Gift Items",
                                "type": null,
                                "region": null,
                                "title": "Gift Items",
                                "width": null,
                                "height": null,
                                "collapsible": false,
                                "collapsed": false,
                                "bodyStyle": "",
                                "datatype": "layout",
                                "permissions": null,
                                "children": [
                                    {
                                        "fieldtype": "manyToManyObjectRelation",
                                        "width": "",
                                        "height": "",
                                        "maxItems": null,
                                        "queryColumnType": "text",
                                        "relationType": true,
                                        "visibleFields": null,
                                        "allowToCreateNewObject": true,
                                        "optimizedAdminLoading": false,
                                        "visibleFieldDefinitions": [],
                                        "classes": [
                                            {
                                                "classes": "OnlineShopOrderItem"
                                            }
                                        ],
                                        "pathFormatterClass": "",
                                        "name": "giftItems",
                                        "title": "Gift Items",
                                        "tooltip": "",
                                        "mandatory": false,
                                        "noteditable": true,
                                        "index": false,
                                        "locked": false,
                                        "style": "",
                                        "permissions": null,
                                        "datatype": "data",
                                        "invisible": false,
                                        "visibleGridView": false,
                                        "visibleSearch": false
                                    }
                                ],
                                "locked": false,
                                "labelWidth": 100,
                                "labelAlign": "left"
                            },
                            {
                                "fieldtype": "fieldset",
                                "name": "Price Information",
                                "type": null,
                                "region": null,
                                "title": "Price Information",
                                "width": null,
                                "height": null,
                                "collapsible": false,
                                "collapsed": false,
                                "bodyStyle": "",
                                "datatype": "layout",
                                "permissions": null,
                                "children": [
                                    {
                                        "fieldtype": "fieldcollections",
                                        "allowedTypes": [
                                            "OrderPriceModifications"
                                        ],
                                        "lazyLoading": false,
                                        "maxItems": null,
                                        "disallowAddRemove": false,
                                        "disallowReorder": false,
                                        "collapsed": false,
                                        "collapsible": false,
                                        "border": false,
                                        "name": "priceModifications",
                                        "title": "PriceModifications",
                                        "tooltip": "",
                                        "mandatory": false,
                                        "noteditable": true,
                                        "index": false,
                                        "locked": false,
                                        "style": "",
                                        "permissions": null,
                                        "datatype": "data",
                                        "relationType": false,
                                        "invisible": false,
                                        "visibleGridView": false,
                                        "visibleSearch": false
                                    },
                                    {
                                        "fieldtype": "numeric",
                                        "width": 400,
                                        "defaultValue": null,
                                        "queryColumnType": "double",
                                        "columnType": "double",
                                        "integer": false,
                                        "unsigned": false,
                                        "minValue": null,
                                        "maxValue": null,
                                        "unique": false,
                                        "decimalSize": 19,
                                        "decimalPrecision": 4,
                                        "name": "subTotalNetPrice",
                                        "title": "SubTotalNetPrice",
                                        "tooltip": "",
                                        "mandatory": false,
                                        "noteditable": true,
                                        "index": false,
                                        "locked": false,
                                        "style": "",
                                        "permissions": null,
                                        "datatype": "data",
                                        "relationType": false,
                                        "invisible": false,
                                        "visibleGridView": false,
                                        "visibleSearch": false,
                                        "defaultValueGenerator": ""
                                    },
                                    {
                                        "fieldtype": "numeric",
                                        "width": 400,
                                        "defaultValue": null,
                                        "queryColumnType": "double",
                                        "columnType": "double",
                                        "integer": false,
                                        "unsigned": false,
                                        "minValue": null,
                                        "maxValue": null,
                                        "unique": false,
                                        "decimalSize": 19,
                                        "decimalPrecision": 4,
                                        "name": "subTotalPrice",
                                        "title": "SubTotalPrice",
                                        "tooltip": "",
                                        "mandatory": false,
                                        "noteditable": true,
                                        "index": false,
                                        "locked": false,
                                        "style": "",
                                        "permissions": null,
                                        "datatype": "data",
                                        "relationType": false,
                                        "invisible": false,
                                        "visibleGridView": false,
                                        "visibleSearch": false,
                                        "defaultValueGenerator": ""
                                    },
                                    {
                                        "fieldtype": "numeric",
                                        "width": 400,
                                        "defaultValue": null,
                                        "queryColumnType": "double",
                                        "columnType": "double",
                                        "integer": false,
                                        "unsigned": false,
                                        "minValue": null,
                                        "maxValue": null,
                                        "unique": false,
                                        "decimalSize": 19,
                                        "decimalPrecision": 4,
                                        "name": "totalNetPrice",
                                        "title": "TotalNetPrice",
                                        "tooltip": "",
                                        "mandatory": false,
                                        "noteditable": true,
                                        "index": false,
                                        "locked": false,
                                        "style": "",
                                        "permissions": null,
                                        "datatype": "data",
                                        "relationType": false,
                                        "invisible": false,
                                        "visibleGridView": false,
                                        "visibleSearch": false,
                                        "defaultValueGenerator": ""
                                    },
                                    {
                                        "fieldtype": "numeric",
                                        "width": 400,
                                        "defaultValue": null,
                                        "queryColumnType": "double",
                                        "columnType": "double",
                                        "integer": false,
                                        "unsigned": false,
                                        "minValue": null,
                                        "maxValue": null,
                                        "unique": false,
                                        "decimalSize": 19,
                                        "decimalPrecision": 4,
                                        "name": "totalPrice",
                                        "title": "TotalPrice",
                                        "tooltip": "",
                                        "mandatory": false,
                                        "noteditable": true,
                                        "index": false,
                                        "locked": false,
                                        "style": "",
                                        "permissions": null,
                                        "datatype": "data",
                                        "relationType": false,
                                        "invisible": false,
                                        "visibleGridView": false,
                                        "visibleSearch": false,
                                        "defaultValueGenerator": ""
                                    },
                                    {
                                        "fieldtype": "table",
                                        "width": "",
                                        "height": "",
                                        "cols": null,
                                        "colsFixed": false,
                                        "rows": null,
                                        "rowsFixed": false,
                                        "data": "",
                                        "columnConfigActivated": false,
                                        "columnConfig": [],
                                        "queryColumnType": "longtext",
                                        "columnType": "longtext",
                                        "name": "taxInfo",
                                        "title": "Tax Information",
                                        "tooltip": "",
                                        "mandatory": false,
                                        "noteditable": true,
                                        "index": false,
                                        "locked": false,
                                        "style": "",
                                        "permissions": null,
                                        "datatype": "data",
                                        "relationType": false,
                                        "invisible": false,
                                        "visibleGridView": false,
                                        "visibleSearch": false
                                    },
                                    {
                                        "fieldtype": "input",
                                        "width": null,
                                        "defaultValue": null,
                                        "queryColumnType": "varchar",
                                        "columnType": "varchar",
                                        "columnLength": 255,
                                        "regex": "",
                                        "unique": false,
                                        "showCharCount": false,
                                        "name": "currency",
                                        "title": "Currency",
                                        "tooltip": "",
                                        "mandatory": false,
                                        "noteditable": true,
                                        "index": false,
                                        "locked": false,
                                        "style": "",
                                        "permissions": null,
                                        "datatype": "data",
                                        "relationType": false,
                                        "invisible": false,
                                        "visibleGridView": false,
                                        "visibleSearch": false,
                                        "defaultValueGenerator": ""
                                    }
                                ],
                                "locked": false,
                                "labelWidth": 150,
                                "labelAlign": "left"
                            },
                            {
                                "fieldtype": "fieldset",
                                "name": "System Informations",
                                "type": null,
                                "region": null,
                                "title": "System Information",
                                "width": null,
                                "height": null,
                                "collapsible": true,
                                "collapsed": true,
                                "bodyStyle": "",
                                "datatype": "layout",
                                "permissions": null,
                                "children": [
                                    {
                                        "fieldtype": "input",
                                        "width": 400,
                                        "defaultValue": null,
                                        "queryColumnType": "varchar",
                                        "columnType": "varchar",
                                        "columnLength": 190,
                                        "regex": "",
                                        "unique": false,
                                        "showCharCount": false,
                                        "name": "cartId",
                                        "title": "Cart ID",
                                        "tooltip": "",
                                        "mandatory": false,
                                        "noteditable": true,
                                        "index": true,
                                        "locked": false,
                                        "style": "",
                                        "permissions": null,
                                        "datatype": "data",
                                        "relationType": false,
                                        "invisible": false,
                                        "visibleGridView": false,
                                        "visibleSearch": false,
                                        "defaultValueGenerator": ""
                                    },
                                    {
                                        "fieldtype": "manyToOneRelation",
                                        "width": "",
                                        "assetUploadPath": "",
                                        "relationType": true,
                                        "queryColumnType": {
                                            "id": "int(11)",
                                            "type": "enum('document','asset','object')"
                                        },
                                        "objectsAllowed": true,
                                        "assetsAllowed": false,
                                        "assetTypes": [],
                                        "documentsAllowed": false,
                                        "documentTypes": [],
                                        "classes": [
                                            {
                                                "classes": "OnlineShopOrder"
                                            }
                                        ],
                                        "pathFormatterClass": "",
                                        "name": "successorOrder",
                                        "title": "Successor Order",
                                        "tooltip": "",
                                        "mandatory": false,
                                        "noteditable": true,
                                        "index": false,
                                        "locked": false,
                                        "style": "",
                                        "permissions": null,
                                        "datatype": "data",
                                        "invisible": false,
                                        "visibleGridView": false,
                                        "visibleSearch": false
                                    },
                                    {
                                        "fieldtype": "numeric",
                                        "width": "",
                                        "defaultValue": null,
                                        "queryColumnType": "double",
                                        "columnType": "double",
                                        "integer": true,
                                        "unsigned": false,
                                        "minValue": null,
                                        "maxValue": null,
                                        "unique": false,
                                        "decimalSize": null,
                                        "decimalPrecision": null,
                                        "name": "cartHash",
                                        "title": "Cart Hash",
                                        "tooltip": "",
                                        "mandatory": false,
                                        "noteditable": true,
                                        "index": false,
                                        "locked": false,
                                        "style": "",
                                        "permissions": null,
                                        "datatype": "data",
                                        "relationType": false,
                                        "invisible": false,
                                        "visibleGridView": false,
                                        "visibleSearch": false,
                                        "defaultValueGenerator": ""
                                    }
                                ],
                                "locked": false,
                                "labelWidth": 150,
                                "labelAlign": "left"
                            }
                        ],
                        "locked": false,
                        "icon": null,
                        "labelWidth": 150,
                        "labelAlign": "left"
                    },
                    {
                        "fieldtype": "panel",
                        "layout": "",
                        "border": false,
                        "name": "customer",
                        "type": null,
                        "region": "",
                        "title": "Customer Information",
                        "width": null,
                        "height": null,
                        "collapsible": false,
                        "collapsed": false,
                        "bodyStyle": "",
                        "datatype": "layout",
                        "permissions": null,
                        "children": [
                            {
                                "fieldtype": "manyToOneRelation",
                                "width": 400,
                                "assetUploadPath": "",
                                "relationType": true,
                                "queryColumnType": {
                                    "id": "int(11)",
                                    "type": "enum('document','asset','object')"
                                },
                                "objectsAllowed": true,
                                "assetsAllowed": false,
                                "assetTypes": [],
                                "documentsAllowed": false,
                                "documentTypes": [],
                                "classes": [
                                    {
                                        "classes": "Customer"
                                    }
                                ],
                                "pathFormatterClass": "",
                                "name": "customer",
                                "title": "Customer",
                                "tooltip": "",
                                "mandatory": false,
                                "noteditable": true,
                                "index": false,
                                "locked": false,
                                "style": "",
                                "permissions": null,
                                "datatype": "data",
                                "invisible": false,
                                "visibleGridView": false,
                                "visibleSearch": false
                            },
                            {
                                "fieldtype": "input",
                                "width": 400,
                                "defaultValue": null,
                                "queryColumnType": "varchar",
                                "columnType": "varchar",
                                "columnLength": 255,
                                "regex": "",
                                "unique": false,
                                "showCharCount": false,
                                "name": "customerFirstname",
                                "title": "Firstname",
                                "tooltip": "",
                                "mandatory": false,
                                "noteditable": true,
                                "index": false,
                                "locked": false,
                                "style": "",
                                "permissions": null,
                                "datatype": "data",
                                "relationType": false,
                                "invisible": false,
                                "visibleGridView": true,
                                "visibleSearch": true,
                                "defaultValueGenerator": ""
                            },
                            {
                                "fieldtype": "input",
                                "width": 400,
                                "defaultValue": null,
                                "queryColumnType": "varchar",
                                "columnType": "varchar",
                                "columnLength": 255,
                                "regex": "",
                                "unique": false,
                                "showCharCount": false,
                                "name": "customerLastname",
                                "title": "Lastname",
                                "tooltip": "",
                                "mandatory": false,
                                "noteditable": true,
                                "index": false,
                                "locked": false,
                                "style": "",
                                "permissions": null,
                                "datatype": "data",
                                "relationType": false,
                                "invisible": false,
                                "visibleGridView": true,
                                "visibleSearch": true,
                                "defaultValueGenerator": ""
                            },
                            {
                                "fieldtype": "input",
                                "width": 400,
                                "defaultValue": null,
                                "queryColumnType": "varchar",
                                "columnType": "varchar",
                                "columnLength": 255,
                                "regex": "",
                                "unique": false,
                                "showCharCount": false,
                                "name": "customerCompany",
                                "title": "Company",
                                "tooltip": "",
                                "mandatory": false,
                                "noteditable": true,
                                "index": false,
                                "locked": false,
                                "style": "",
                                "permissions": null,
                                "datatype": "data",
                                "relationType": false,
                                "invisible": false,
                                "visibleGridView": true,
                                "visibleSearch": true,
                                "defaultValueGenerator": ""
                            },
                            {
                                "fieldtype": "input",
                                "width": 400,
                                "defaultValue": null,
                                "queryColumnType": "varchar",
                                "columnType": "varchar",
                                "columnLength": 255,
                                "regex": "",
                                "unique": false,
                                "showCharCount": false,
                                "name": "customerStreet",
                                "title": "Street",
                                "tooltip": "",
                                "mandatory": false,
                                "noteditable": true,
                                "index": false,
                                "locked": false,
                                "style": "",
                                "permissions": null,
                                "datatype": "data",
                                "relationType": false,
                                "invisible": false,
                                "visibleGridView": false,
                                "visibleSearch": false,
                                "defaultValueGenerator": ""
                            },
                            {
                                "fieldtype": "input",
                                "width": 400,
                                "defaultValue": null,
                                "queryColumnType": "varchar",
                                "columnType": "varchar",
                                "columnLength": 255,
                                "regex": "",
                                "unique": false,
                                "showCharCount": false,
                                "name": "customerZip",
                                "title": "Zip",
                                "tooltip": "",
                                "mandatory": false,
                                "noteditable": true,
                                "index": false,
                                "locked": false,
                                "style": "",
                                "permissions": null,
                                "datatype": "data",
                                "relationType": false,
                                "invisible": false,
                                "visibleGridView": false,
                                "visibleSearch": false,
                                "defaultValueGenerator": ""
                            },
                            {
                                "fieldtype": "input",
                                "width": 400,
                                "defaultValue": null,
                                "queryColumnType": "varchar",
                                "columnType": "varchar",
                                "columnLength": 255,
                                "regex": "",
                                "unique": false,
                                "showCharCount": false,
                                "name": "customerCity",
                                "title": "City",
                                "tooltip": "",
                                "mandatory": false,
                                "noteditable": true,
                                "index": false,
                                "locked": false,
                                "style": "",
                                "permissions": null,
                                "datatype": "data",
                                "relationType": false,
                                "invisible": false,
                                "visibleGridView": false,
                                "visibleSearch": false,
                                "defaultValueGenerator": ""
                            },
                            {
                                "fieldtype": "country",
                                "width": "",
                                "restrictTo": "",
                                "options": null,
                                "defaultValue": null,
                                "optionsProviderClass": null,
                                "optionsProviderData": null,
                                "queryColumnType": "varchar",
                                "columnType": "varchar",
                                "columnLength": 190,
                                "dynamicOptions": false,
                                "name": "customerCountry",
                                "title": "Country",
                                "tooltip": "",
                                "mandatory": false,
                                "noteditable": true,
                                "index": false,
                                "locked": false,
                                "style": "",
                                "permissions": null,
                                "datatype": "data",
                                "relationType": false,
                                "invisible": false,
                                "visibleGridView": false,
                                "visibleSearch": false,
                                "defaultValueGenerator": ""
                            },
                            {
                                "fieldtype": "input",
                                "width": 400,
                                "defaultValue": null,
                                "queryColumnType": "varchar",
                                "columnType": "varchar",
                                "columnLength": 255,
                                "regex": "",
                                "unique": false,
                                "showCharCount": false,
                                "name": "customerEmail",
                                "title": "Email",
                                "tooltip": "",
                                "mandatory": false,
                                "noteditable": true,
                                "index": false,
                                "locked": false,
                                "style": "",
                                "permissions": null,
                                "datatype": "data",
                                "relationType": false,
                                "invisible": false,
                                "visibleGridView": true,
                                "visibleSearch": true,
                                "defaultValueGenerator": ""
                            }
                        ],
                        "locked": false,
                        "icon": null,
                        "labelWidth": 150,
                        "labelAlign": "left"
                    },
                    {
                        "fieldtype": "panel",
                        "layout": "",
                        "border": false,
                        "name": "delivery",
                        "type": null,
                        "region": "",
                        "title": "Delivery Information",
                        "width": null,
                        "height": null,
                        "collapsible": false,
                        "collapsed": false,
                        "bodyStyle": "",
                        "datatype": "layout",
                        "permissions": null,
                        "children": [
                            {
                                "fieldtype": "input",
                                "width": 400,
                                "defaultValue": null,
                                "queryColumnType": "varchar",
                                "columnType": "varchar",
                                "columnLength": 255,
                                "regex": "",
                                "unique": false,
                                "showCharCount": false,
                                "name": "deliveryFirstname",
                                "title": "Firstname",
                                "tooltip": "",
                                "mandatory": false,
                                "noteditable": true,
                                "index": false,
                                "locked": false,
                                "style": "",
                                "permissions": null,
                                "datatype": "data",
                                "relationType": false,
                                "invisible": false,
                                "visibleGridView": false,
                                "visibleSearch": false,
                                "defaultValueGenerator": ""
                            },
                            {
                                "fieldtype": "input",
                                "width": 400,
                                "defaultValue": null,
                                "queryColumnType": "varchar",
                                "columnType": "varchar",
                                "columnLength": 255,
                                "regex": "",
                                "unique": false,
                                "showCharCount": false,
                                "name": "deliveryLastname",
                                "title": "Lastname",
                                "tooltip": "",
                                "mandatory": false,
                                "noteditable": true,
                                "index": false,
                                "locked": false,
                                "style": "",
                                "permissions": null,
                                "datatype": "data",
                                "relationType": false,
                                "invisible": false,
                                "visibleGridView": false,
                                "visibleSearch": false,
                                "defaultValueGenerator": ""
                            },
                            {
                                "fieldtype": "input",
                                "width": 400,
                                "defaultValue": null,
                                "queryColumnType": "varchar",
                                "columnType": "varchar",
                                "columnLength": 255,
                                "regex": "",
                                "unique": false,
                                "showCharCount": false,
                                "name": "deliveryCompany",
                                "title": "Company",
                                "tooltip": "",
                                "mandatory": false,
                                "noteditable": true,
                                "index": false,
                                "locked": false,
                                "style": "",
                                "permissions": null,
                                "datatype": "data",
                                "relationType": false,
                                "invisible": false,
                                "visibleGridView": false,
                                "visibleSearch": false,
                                "defaultValueGenerator": ""
                            },
                            {
                                "fieldtype": "input",
                                "width": 400,
                                "defaultValue": null,
                                "queryColumnType": "varchar",
                                "columnType": "varchar",
                                "columnLength": 255,
                                "regex": "",
                                "unique": false,
                                "showCharCount": false,
                                "name": "deliveryStreet",
                                "title": "Street",
                                "tooltip": "",
                                "mandatory": false,
                                "noteditable": true,
                                "index": false,
                                "locked": false,
                                "style": "",
                                "permissions": null,
                                "datatype": "data",
                                "relationType": false,
                                "invisible": false,
                                "visibleGridView": false,
                                "visibleSearch": false,
                                "defaultValueGenerator": ""
                            },
                            {
                                "fieldtype": "input",
                                "width": 400,
                                "defaultValue": null,
                                "queryColumnType": "varchar",
                                "columnType": "varchar",
                                "columnLength": 255,
                                "regex": "",
                                "unique": false,
                                "showCharCount": false,
                                "name": "deliveryZip",
                                "title": "Zip",
                                "tooltip": "",
                                "mandatory": false,
                                "noteditable": true,
                                "index": false,
                                "locked": false,
                                "style": "",
                                "permissions": null,
                                "datatype": "data",
                                "relationType": false,
                                "invisible": false,
                                "visibleGridView": false,
                                "visibleSearch": false,
                                "defaultValueGenerator": ""
                            },
                            {
                                "fieldtype": "input",
                                "width": 400,
                                "defaultValue": null,
                                "queryColumnType": "varchar",
                                "columnType": "varchar",
                                "columnLength": 255,
                                "regex": "",
                                "unique": false,
                                "showCharCount": false,
                                "name": "deliveryCity",
                                "title": "City",
                                "tooltip": "",
                                "mandatory": false,
                                "noteditable": true,
                                "index": false,
                                "locked": false,
                                "style": "",
                                "permissions": null,
                                "datatype": "data",
                                "relationType": false,
                                "invisible": false,
                                "visibleGridView": false,
                                "visibleSearch": false,
                                "defaultValueGenerator": ""
                            },
                            {
                                "fieldtype": "country",
                                "width": "",
                                "restrictTo": "",
                                "options": null,
                                "defaultValue": null,
                                "optionsProviderClass": null,
                                "optionsProviderData": null,
                                "queryColumnType": "varchar",
                                "columnType": "varchar",
                                "columnLength": 190,
                                "dynamicOptions": false,
                                "name": "deliveryCountry",
                                "title": "Country",
                                "tooltip": "",
                                "mandatory": false,
                                "noteditable": true,
                                "index": false,
                                "locked": false,
                                "style": "",
                                "permissions": null,
                                "datatype": "data",
                                "relationType": false,
                                "invisible": false,
                                "visibleGridView": false,
                                "visibleSearch": false,
                                "defaultValueGenerator": ""
                            }
                        ],
                        "locked": false,
                        "icon": null,
                        "labelWidth": 150,
                        "labelAlign": "left"
                    },
                    {
                        "fieldtype": "panel",
                        "layout": "",
                        "border": false,
                        "name": "payment",
                        "type": null,
                        "region": "",
                        "title": "Payment",
                        "width": "",
                        "height": "",
                        "collapsible": false,
                        "collapsed": false,
                        "bodyStyle": "",
                        "datatype": "layout",
                        "permissions": null,
                        "children": [
                            {
                                "fieldtype": "text",
                                "html": "Payment Information with<div>- Payment Provider: returned data of payment provider after actual transaction.<\/div><div>- Payment Information: information about every payment try of customer.&nbsp;<\/div>",
                                "renderingClass": null,
                                "renderingData": null,
                                "border": false,
                                "name": "Layout",
                                "type": null,
                                "region": null,
                                "title": "",
                                "width": null,
                                "height": null,
                                "collapsible": false,
                                "collapsed": false,
                                "bodyStyle": "padding: 10px; background-color: #d9edf7; border-color: #bce8f1 !important; color: #31708f;",
                                "datatype": "layout",
                                "permissions": null,
                                "children": [],
                                "locked": false
                            },
                            {
                                "fieldtype": "objectbricks",
                                "allowedTypes": [],
                                "maxItems": null,
                                "border": false,
                                "name": "paymentProvider",
                                "title": "Payment Provider",
                                "tooltip": "",
                                "mandatory": false,
                                "noteditable": true,
                                "index": false,
                                "locked": false,
                                "style": "",
                                "permissions": null,
                                "datatype": "data",
                                "relationType": false,
                                "invisible": false,
                                "visibleGridView": false,
                                "visibleSearch": false
                            },
                            {
                                "fieldtype": "fieldcollections",
                                "allowedTypes": [
                                    "PaymentInfo"
                                ],
                                "lazyLoading": false,
                                "maxItems": null,
                                "disallowAddRemove": true,
                                "disallowReorder": true,
                                "collapsed": false,
                                "collapsible": false,
                                "border": false,
                                "name": "paymentInfo",
                                "title": "Payment Informations",
                                "tooltip": "",
                                "mandatory": false,
                                "noteditable": false,
                                "index": false,
                                "locked": false,
                                "style": "",
                                "permissions": null,
                                "datatype": "data",
                                "relationType": false,
                                "invisible": false,
                                "visibleGridView": false,
                                "visibleSearch": false
                            },
                            {
                                "fieldtype": "fieldset",
                                "name": "invoice",
                                "type": null,
                                "region": "",
                                "title": "Invoice recipient",
                                "width": "",
                                "height": "",
                                "collapsible": false,
                                "collapsed": false,
                                "bodyStyle": "",
                                "datatype": "layout",
                                "permissions": null,
                                "children": [
                                    {
                                        "fieldtype": "input",
                                        "width": 400,
                                        "defaultValue": null,
                                        "queryColumnType": "varchar",
                                        "columnType": "varchar",
                                        "columnLength": 255,
                                        "regex": "",
                                        "unique": false,
                                        "showCharCount": false,
                                        "name": "paymentReference",
                                        "title": "Payment Ref.",
                                        "tooltip": "",
                                        "mandatory": false,
                                        "noteditable": true,
                                        "index": false,
                                        "locked": false,
                                        "style": "",
                                        "permissions": null,
                                        "datatype": "data",
                                        "relationType": false,
                                        "invisible": false,
                                        "visibleGridView": false,
                                        "visibleSearch": false,
                                        "defaultValueGenerator": ""
                                    }
                                ],
                                "locked": false,
                                "labelWidth": 100,
                                "labelAlign": "left"
                            }
                        ],
                        "locked": false,
                        "icon": null,
                        "labelWidth": 100,
                        "labelAlign": "left"
                    },
                    {
                        "fieldtype": "panel",
                        "layout": null,
                        "border": false,
                        "name": "customizations",
                        "type": null,
                        "region": "",
                        "title": "Customizations",
                        "width": null,
                        "height": null,
                        "collapsible": false,
                        "collapsed": false,
                        "bodyStyle": "",
                        "datatype": "layout",
                        "permissions": null,
                        "children": [
                            {
                                "fieldtype": "text",
                                "html": "<b>Customized<\/b>&nbsp;gives you the possibility to add object bricks with additional data to your orders.",
                                "renderingClass": "",
                                "renderingData": "",
                                "border": false,
                                "name": "Layout",
                                "type": null,
                                "region": null,
                                "title": "",
                                "width": null,
                                "height": null,
                                "collapsible": false,
                                "collapsed": false,
                                "bodyStyle": "padding: 10px; background-color: #d9edf7; border-color: #bce8f1 !important; color: #31708f;",
                                "datatype": "layout",
                                "permissions": null,
                                "children": [],
                                "locked": false
                            },
                            {
                                "fieldtype": "objectbricks",
                                "allowedTypes": [],
                                "maxItems": null,
                                "border": false,
                                "name": "customized",
                                "title": "Customized",
                                "tooltip": "",
                                "mandatory": false,
                                "noteditable": false,
                                "index": false,
                                "locked": false,
                                "style": "",
                                "permissions": null,
                                "datatype": "data",
                                "relationType": false,
                                "invisible": false,
                                "visibleGridView": false,
                                "visibleSearch": false
                            }
                        ],
                        "locked": false,
                        "icon": null,
                        "labelWidth": 100,
                        "labelAlign": "left"
                    }
                ],
                "locked": false
            }
        ],
        "locked": false,
        "icon": null,
        "labelWidth": 100,
        "labelAlign": "left"
    },
    "icon": "\/bundles\/pimcoreadmin\/img\/flat-color-icons\/deployment.svg",
    "group": "E-Commerce",
    "showAppLoggerTab": false,
    "linkGeneratorReference": "",
    "compositeIndices": [],
    "showFieldLookup": false,
    "propertyVisibility": {
        "grid": {
            "id": true,
            "key": false,
            "path": false,
            "published": false,
            "modificationDate": false,
            "creationDate": true
        },
        "search": {
            "id": true,
            "key": false,
            "path": false,
            "published": false,
            "modificationDate": false,
            "creationDate": true
        }
    },
    "enableGridLocking": false
}
