<doctrine-mapping xmlns="http://doctrine-project.org/schemas/orm/doctrine-mapping"
      xmlns:xsi="http://www.w3.org/2001/XMLSchema-instance"
      xsi:schemaLocation="https://raw.github.com/doctrine/doctrine2/master/doctrine-mapping.xsd">

    <mapped-superclass name="Symfony\Component\Routing\Route">
        <field name="host" type="string"/>
        <field name="schemes" type="json"/>
        <field name="methods" type="json"/>
        <field name="defaults" type="json"/>
        <field name="requirements" type="json"/>
        <field name="options" type="json"/>
        <field name="condition" column="`condition`" type="string"/>
    </mapped-superclass>

</doctrine-mapping>
